claim_id,vehicle_type,make,model,year,plate_no,incident_date,day_of_week,incident_type,location,city,state,damage_done,garage_invoice_amount,policy_premium,policy_plan,claim_status,decision_reason,description,days_to_intimate
SYN-10000,Bike,Hero,Splendor,2019,HR 28 FP 4257,24_04_2025,Thu,Collision,"Hinjewadi, Gurgaon",Gurgaon,Haryana,"Front bumper cracked, headlamp broken, bonnet dented",7697,42870,Premium Fleet Protect,Accepted,Damage consistent with reported incident and policy covers this peril,"Collision at Hinjewadi, Gurgaon. Front bumper cracked, headlamp broken, bonnet dented. Reported after 27 day(s).",27
SYN-10001,Bike,Yamaha,R15,2023,GJ 98 HC 2584,28_11_2023,Tue,Collision,"Hinjewadi, Ahmedabad",Ahmedabad,Gujarat,"Driver side door dent, side mirror broken, paint scratches",29696,5807,Essential Third-Party,Denied,Third-party only policy; own-damage not covered,"Collision at Hinjewadi, Ahmedabad. Driver side door dent, side mirror broken, paint scratches. Reported after 17 day(s).",17
SYN-10002,Car,Mahindra,Scorpio,2024,KA 47 PT 1750,24_08_2023,Thu,Weather,"Bandra West, Bengaluru",Bengaluru,Karnataka,Hail damage on roof and bonnet,80357,13291,Comprehensive Plus,Denied,Delayed intimation beyond allowed claim window,"Weather at Bandra West, Bengaluru. Hail damage on roof and bonnet. Reported after 40 day(s).",40
SYN-10003,Bike,Bajaj,Pulsar,2016,HR 90 YR 3803,29_01_2024,Mon,Collision,"Powai, Gurgaon",Gurgaon,Haryana,"Front left fender damaged, alloy scratched after hitting divider",12659,36954,Premium Fleet Protect,Accepted,Surveyor confirmed repair estimate within IDV limits,"Collision at Powai, Gurgaon. Front left fender damaged, alloy scratched after hitting divider. Reported after 22 day(s).",22
SYN-10004,Car,Honda,Amaze,2017,GJ 30 VV 7572,03_11_2025,Mon,Collision,"Banjara Hills, Surat",Surat,Gujarat,"Windscreen shattered, dashboard airbag deployed",36785,43250,Premium Fleet Protect,Denied,Damage pattern inconsistent with stated cause,"Collision at Banjara Hills, Surat. Windscreen shattered, dashboard airbag deployed. Reported after 20 day(s).",20
SYN-10005,Car,Honda,City,2024,TN 69 GP 7543,27_06_2023,Tue,Weather,"Indiranagar, Chennai",Chennai,Tamil Nadu,Cyclone-related panel dents and broken glass,26726,40035,Premium Fleet Protect,Accepted,Weather-related loss covered under comprehensive plan,"Weather at Indiranagar, Chennai. Cyclone-related panel dents and broken glass. Reported after 8 day(s).",8
SYN-10006,Car,Hyundai,Creta,2023,WB 77 BJ 8668,25_10_2025,Sat,Weather,"Mahim, Kolkata",Kolkata,West Bengal,Hail damage on roof and bonnet,111819,5810,Essential Third-Party,Denied,Third-party only policy; own-damage not covered,"Weather at Mahim, Kolkata. Hail damage on roof and bonnet. Reported after 27 day(s).",27
SYN-10007,Car,Maruti,Swift,2025,MH 93 XG 9201,25_08_2023,Fri,Other,"Highway NH48, Thane",Thane,Maharashtra,Animal hit on highway; front grille damaged,22621,36146,Premium Fleet Protect,Accepted,Damage consistent with reported incident and policy covers this peril,"Other at Highway NH48, Thane. Animal hit on highway; front grille damaged. Reported after 27 day(s).",27
SYN-10008,Bike,Royal Enfield,Classic 350,2016,KL 01 PM 2832,05_02_2024,Mon,Vandalism,"Connaught Place, Kochi",Kochi,Kerala,Tyres slashed; side mirror broken,12016,31517,Premium Fleet Protect,Accepted,Weather-related loss covered under comprehensive plan,"Vandalism at Connaught Place, Kochi. Tyres slashed; side mirror broken. Reported after 10 day(s).",10
SYN-10009,Truck,Mahindra,Bolero Pickup,2018,MH 99 CS 3705,07_04_2026,Tue,Other,"Hinjewadi, Pune",Pune,Maharashtra,Parking scrape against pillar; minor bumper damage,33143,8481,Essential Third-Party,Denied,Third-party only policy; own-damage not covered,"Other at Hinjewadi, Pune. Parking scrape against pillar; minor bumper damage. Reported after 34 day(s).",34
SYN-10010,Car,Kia,Seltos,2018,UP 16 FB 1344,04_02_2024,Sun,Collision,"Outer Ring Road, Lucknow",Lucknow,Uttar Pradesh,"Driver side door dent, side mirror broken, paint scratches",93180,23004,Comprehensive Plus,Denied,Incident date outside policy period,"Collision at Outer Ring Road, Lucknow. Driver side door dent, side mirror broken, paint scratches. Reported after 28 day(s).",28
SYN-10011,Bike,Honda,Activa,2024,HR 36 SE 3167,06_03_2022,Sun,Collision,"Andheri East, Gurgaon",Gurgaon,Haryana,"Windscreen shattered, dashboard airbag deployed",6417,6375,Essential Third-Party,Accepted,Police FIR attached; theft claim within policy terms,"Collision at Andheri East, Gurgaon. Windscreen shattered, dashboard airbag deployed. Reported after 21 day(s).",21
SYN-10012,Bike,Royal Enfield,Classic 350,2024,WB 46 KL 1887,11_09_2025,Thu,Vandalism,"Hinjewadi, Kolkata",Kolkata,West Bengal,Windows smashed; stereo removed,8352,5272,Essential Third-Party,Denied,Third-party only policy; own-damage not covered,"Vandalism at Hinjewadi, Kolkata. Windows smashed; stereo removed. Reported after 27 day(s).",27
SYN-10013,Bike,Yamaha,R15,2016,MH 18 KG 5092,03_01_2025,Fri,Weather,"Banjara Hills, Pune",Pune,Maharashtra,Hail damage on roof and bonnet,14465,6069,Essential Third-Party,Denied,Third-party only policy; own-damage not covered,"Weather at Banjara Hills, Pune. Hail damage on roof and bonnet. Reported after 28 day(s).",28
SYN-10014,Scooter,Honda,Activa 6G,2022,UP 28 WX 3697,07_12_2022,Wed,Collision,"Powai, Lucknow",Lucknow,Uttar Pradesh,Multiple panel dents after multi-vehicle pile-up,9245,5264,Essential Third-Party,Denied,Third-party only policy; own-damage not covered,"Collision at Powai, Lucknow. Multiple panel dents after multi-vehicle pile-up. Reported after 26 day(s).",26
SYN-10015,Car,Toyota,Innova,2019,GJ 75 TB 6138,24_01_2023,Tue,Collision,"Connaught Place, Surat",Surat,Gujarat,"Windscreen shattered, dashboard airbag deployed",28289,40947,Premium Fleet Protect,Accepted,Damage consistent with reported incident and policy covers this peril,"Collision at Connaught Place, Surat. Windscreen shattered, dashboard airbag deployed. Reported after 18 day(s).",18
SYN-10016,Car,Mercedes,C-Class,2023,RJ 31 KY 5033,03_05_2025,Sat,Collision,"Koramangala, Jaipur",Jaipur,Rajasthan,Multiple panel dents after multi-vehicle pile-up,16981,6022,Essential Third-Party,Denied,Third-party only policy; own-damage not covered,"Collision at Koramangala, Jaipur. Multiple panel dents after multi-vehicle pile-up. Reported after 4 day(s).",4
SYN-10017,Bike,Hero,Splendor,2024,MH 83 GH 2188,04_05_2023,Thu,Weather,"Salt Lake, Nagpur",Nagpur,Maharashtra,Tree branch fell on roof during storm,22590,15346,Comprehensive Plus,Accepted,Invoice from authorized garage; amount verified,"Weather at Salt Lake, Nagpur. Tree branch fell on roof during storm. Reported after 16 day(s).",16
SYN-10018,Car,Hyundai,i20,2016,UP 91 GZ 9666,06_12_2026,Sun,Theft,"Indiranagar, Lucknow",Lucknow,Uttar Pradesh,Two-wheeler stolen; recovered with missing battery and scratches,17016,26432,Comprehensive Plus,Accepted,Weather-related loss covered under comprehensive plan,"Theft at Indiranagar, Lucknow. Two-wheeler stolen; recovered with missing battery and scratches. Reported after 15 day(s).",15
SYN-10019,Car,Tata,Punch,2025,MH 27 SW 9280,12_07_2023,Wed,Collision,"Whitefield, Thane",Thane,Maharashtra,"Front bumper cracked, headlamp broken, bonnet dented",28374,43128,Premium Fleet Protect,Denied,Policy lapsed at time of incident,"Collision at Whitefield, Thane. Front bumper cracked, headlamp broken, bonnet dented. Reported after 18 day(s).",18
SYN-10020,Car,Maruti,Baleno,2016,KL 34 DL 8007,25_09_2022,Sun,Vandalism,"Salt Lake, Kochi",Kochi,Kerala,Paint keying across driver door and rear panel,109072,7232,Essential Third-Party,Denied,Third-party only policy; own-damage not covered,"Vandalism at Salt Lake, Kochi. Paint keying across driver door and rear panel. Reported after 40 day(s).",40
SYN-10021,Bike,Hero,Splendor,2016,MH 06 XE 5088,30_05_2024,Thu,Collision,"Sector 18, Nashik",Nashik,Maharashtra,"Driver side door dent, side mirror broken, paint scratches",11705,43105,Premium Fleet Protect,Accepted,Surveyor confirmed repair estimate within IDV limits,"Collision at Sector 18, Nashik. Driver side door dent, side mirror broken, paint scratches. Reported after 8 day(s).",8
SYN-10022,Bike,Bajaj,Pulsar,2023,GJ 95 YU 7745,20_02_2022,Sun,Weather,"Civil Lines, Ahmedabad",Ahmedabad,Gujarat,Flood water entered cabin; electrical short suspected,29020,5950,Essential Third-Party,Denied,Third-party only policy; own-damage not covered,"Weather at Civil Lines, Ahmedabad. Flood water entered cabin; electrical short suspected. Reported after 11 day(s).",11
SYN-10023,Scooter,TVS,Jupiter,2019,DL 29 AE 6378,31_07_2026,Fri,Collision,"Outer Ring Road, Delhi",Delhi,Delhi,"Front bumper cracked, headlamp broken, bonnet dented",8039,15644,Comprehensive Plus,Accepted,Police FIR attached; theft claim within policy terms,"Collision at Outer Ring Road, Delhi. Front bumper cracked, headlamp broken, bonnet dented. Reported after 29 day(s).",29
SYN-10024,Car,Maruti,WagonR,2019,TN 34 AP 6663,01_01_2023,Sun,Theft,"Ring Road, Coimbatore",Coimbatore,Tamil Nadu,"Break-in attempt; door lock forced, interior vandalized",42237,5444,Essential Third-Party,Denied,Third-party only policy; own-damage not covered,"Theft at Ring Road, Coimbatore. Break-in attempt; door lock forced, interior vandalized. Reported after 37 day(s).",37
SYN-10025,Bike,Bajaj,Pulsar,2021,MP 88 TU 4228,22_12_2025,Mon,Collision,"Adyar, Bhopal",Bhopal,Madhya Pradesh,Multiple panel dents after multi-vehicle pile-up,4908,6586,Essential Third-Party,Accepted,Weather-related loss covered under comprehensive plan,"Collision at Adyar, Bhopal. Multiple panel dents after multi-vehicle pile-up. Reported after 27 day(s).",27
SYN-10026,Car,Maruti,WagonR,2025,TN 52 TN 4143,26_09_2023,Tue,Collision,"Civil Lines, Chennai",Chennai,Tamil Nadu,"Front bumper cracked, headlamp broken, bonnet dented",74469,34840,Premium Fleet Protect,Denied,Delayed intimation beyond allowed claim window,"Collision at Civil Lines, Chennai. Front bumper cracked, headlamp broken, bonnet dented. Reported after 42 day(s).",42
SYN-10027,Car,Toyota,Innova,2025,DL 42 LL 4501,11_08_2023,Fri,Theft,"Civil Lines, Delhi",Delhi,Delhi,Catalytic converter / parts theft; underbody damage,47829,25013,Premium Fleet Protect,Accepted,Invoice from authorized garage; amount verified,"Theft at Civil Lines, Delhi. Catalytic converter / parts theft; underbody damage. Reported after 13 day(s).",13
SYN-10028,Car,Hyundai,Venue,2025,MH 26 DB 8784,28_09_2023,Thu,Theft,"Connaught Place, Nagpur",Nagpur,Maharashtra,"Break-in attempt; door lock forced, interior vandalized",96184,6424,Essential Third-Party,Denied,Third-party only policy; own-damage not covered,"Theft at Connaught Place, Nagpur. Break-in attempt; door lock forced, interior vandalized. Reported after 14 day(s).",14
SYN-10029,Bike,Hero,Splendor,2022,GJ 99 XU 4585,30_10_2022,Sun,Theft,"Ring Road, Ahmedabad",Ahmedabad,Gujarat,Catalytic converter / parts theft; underbody damage,17989,18547,Comprehensive Plus,Denied,Delayed intimation beyond allowed claim window,"Theft at Ring Road, Ahmedabad. Catalytic converter / parts theft; underbody damage. Reported after 41 day(s).",41
SYN-10030,Car,BMW,3 Series,2015,UP 72 PY 8251,09_08_2024,Fri,Other,"Hinjewadi, Lucknow",Lucknow,Uttar Pradesh,Parking scrape against pillar; minor bumper damage,113043,14184,Comprehensive Plus,Denied,Delayed intimation beyond allowed claim window,"Other at Hinjewadi, Lucknow. Parking scrape against pillar; minor bumper damage. Reported after 42 day(s).",42
SYN-10031,Bike,Yamaha,R15,2023,GJ 99 UM 4919,15_06_2023,Thu,Collision,"Sector 18, Ahmedabad",Ahmedabad,Gujarat,"Rear bumper smashed, tail light damaged, trunk lid bent",31495,40554,Premium Fleet Protect,Denied,Policy lapsed at time of incident,"Collision at Sector 18, Ahmedabad. Rear bumper smashed, tail light damaged, trunk lid bent. Reported after 15 day(s).",15
SYN-10032,Car,Maruti,WagonR,2019,HR 91 EK 6421,19_04_2023,Wed,Collision,"Baner, Gurgaon",Gurgaon,Haryana,Multiple panel dents after multi-vehicle pile-up,27769,5633,Essential Third-Party,Denied,Third-party only policy; own-damage not covered,"Collision at Baner, Gurgaon. Multiple panel dents after multi-vehicle pile-up. Reported after 24 day(s).",24
SYN-10033,Car,Kia,Seltos,2015,UP 39 UW 7865,25_03_2025,Tue,Collision,"Salt Lake, Noida",Noida,Uttar Pradesh,Multiple panel dents after multi-vehicle pile-up,108348,25640,Premium Fleet Protect,Denied,Policy lapsed at time of incident,"Collision at Salt Lake, Noida. Multiple panel dents after multi-vehicle pile-up. Reported after 24 day(s).",24
SYN-10034,Car,Honda,Amaze,2022,HR 60 YZ 9751,22_10_2025,Wed,Collision,"Baner, Gurgaon",Gurgaon,Haryana,"Front bumper cracked, headlamp broken, bonnet dented",95670,17507,Comprehensive Plus,Denied,Garage invoice amount exceeds surveyor estimate significantly,"Collision at Baner, Gurgaon. Front bumper cracked, headlamp broken, bonnet dented. Reported after 25 day(s).",25
SYN-10035,Car,Toyota,Innova,2024,MP 28 LH 7211,08_01_2023,Sun,Collision,"Highway NH48, Indore",Indore,Madhya Pradesh,"Windscreen shattered, dashboard airbag deployed",68515,14223,Comprehensive Plus,Accepted,Surveyor confirmed repair estimate within IDV limits,"Collision at Highway NH48, Indore. Windscreen shattered, dashboard airbag deployed. Reported after 3 day(s).",3
SYN-10036,Car,Kia,Seltos,2019,MH 84 AA 5051,24_08_2025,Sun,Collision,"T Nagar, Nagpur",Nagpur,Maharashtra,Multiple panel dents after multi-vehicle pile-up,37389,7366,Essential Third-Party,Denied,Third-party only policy; own-damage not covered,"Collision at T Nagar, Nagpur. Multiple panel dents after multi-vehicle pile-up. Reported after 4 day(s).",4
SYN-10037,Car,Maruti,Swift,2024,MH 22 PZ 2876,03_12_2025,Wed,Collision,"Hinjewadi, Nashik",Nashik,Maharashtra,"Windscreen shattered, dashboard airbag deployed",68952,6285,Essential Third-Party,Denied,Third-party only policy; own-damage not covered,"Collision at Hinjewadi, Nashik. Windscreen shattered, dashboard airbag deployed. Reported after 16 day(s).",16
SYN-10038,Bike,Honda,Activa,2019,MH 81 FT 5941,04_01_2026,Sun,Collision,"MG Road, Thane",Thane,Maharashtra,"Driver side door dent, side mirror broken, paint scratches",27995,37298,Premium Fleet Protect,Accepted,Invoice from authorized garage; amount verified,"Collision at MG Road, Thane. Driver side door dent, side mirror broken, paint scratches. Reported after 12 day(s).",12
SYN-10039,Scooter,Ather,450X,2016,MP 63 CZ 8532,02_11_2024,Sat,Collision,"Bandra West, Indore",Indore,Madhya Pradesh,"Front left fender damaged, alloy scratched after hitting divider",3759,37142,Premium Fleet Protect,Accepted,Own-damage cover active; deductible applied; claim approved,"Collision at Bandra West, Indore. Front left fender damaged, alloy scratched after hitting divider. Reported after 41 day(s).",41
SYN-10040,Bike,TVS,Apache,2017,RJ 12 GL 8613,19_08_2026,Wed,Collision,"Ring Road, Jaipur",Jaipur,Rajasthan,Multiple panel dents after multi-vehicle pile-up,30545,19616,Comprehensive Plus,Accepted,Police FIR attached; theft claim within policy terms,"Collision at Ring Road, Jaipur. Multiple panel dents after multi-vehicle pile-up. Reported after 37 day(s).",37
SYN-10041,Bike,Yamaha,R15,2021,TN 90 XN 9464,28_12_2023,Thu,Collision,"Andheri East, Chennai",Chennai,Tamil Nadu,"Driver side door dent, side mirror broken, paint scratches",15901,8494,Essential Third-Party,Accepted,Weather-related loss covered under comprehensive plan,"Collision at Andheri East, Chennai. Driver side door dent, side mirror broken, paint scratches. Reported after 16 day(s).",16
SYN-10042,Truck,Tata,Ace,2018,GJ 29 KF 7046,28_12_2025,Sun,Theft,"T Nagar, Ahmedabad",Ahmedabad,Gujarat,Two-wheeler stolen; recovered with missing battery and scratches,184319,40600,Premium Fleet Protect,Accepted,Surveyor confirmed repair estimate within IDV limits,"Theft at T Nagar, Ahmedabad. Two-wheeler stolen; recovered with missing battery and scratches. Reported after 31 day(s).",31
SYN-10043,Car,Mahindra,Scorpio,2021,UP 16 UY 4033,18_04_2023,Tue,Collision,"Saket, Lucknow",Lucknow,Uttar Pradesh,"Front left fender damaged, alloy scratched after hitting divider",40951,17023,Comprehensive Plus,Denied,Policy lapsed at time of incident,"Collision at Saket, Lucknow. Front left fender damaged, alloy scratched after hitting divider. Reported after 7 day(s).",7
SYN-10044,Car,Mercedes,C-Class,2019,MP 39 AN 5494,10_01_2024,Wed,Theft,"Adyar, Indore",Indore,Madhya Pradesh,Vehicle stolen from residential parking; recovered with ignition damage,37816,6926,Essential Third-Party,Denied,Third-party only policy; own-damage not covered,"Theft at Adyar, Indore. Vehicle stolen from residential parking; recovered with ignition damage. Reported after 11 day(s).",11
SYN-10045,Car,Maruti,Baleno,2023,KA 44 EB 8827,21_03_2025,Fri,Other,"Outer Ring Road, Mysuru",Mysuru,Karnataka,Garage mishandling; new scratches on rear quarter panel,9607,13680,Comprehensive Plus,Accepted,Own-damage cover active; deductible applied; claim approved,"Other at Outer Ring Road, Mysuru. Garage mishandling; new scratches on rear quarter panel. Reported after 18 day(s).",18
SYN-10046,Car,Maruti,WagonR,2021,WB 11 ZC 7818,26_02_2025,Wed,Theft,"Mahim, Kolkata",Kolkata,West Bengal,Vehicle stolen from residential parking; recovered with ignition damage,114318,5722,Essential Third-Party,Denied,Third-party only policy; own-damage not covered,"Theft at Mahim, Kolkata. Vehicle stolen from residential parking; recovered with ignition damage. Reported after 19 day(s).",19
SYN-10047,Bike,Royal Enfield,Classic 350,2018,RJ 79 ZC 4404,18_09_2023,Mon,Collision,"Banjara Hills, Jaipur",Jaipur,Rajasthan,"Front left fender damaged, alloy scratched after hitting divider",30103,26092,Comprehensive Plus,Denied,Delayed intimation beyond allowed claim window,"Collision at Banjara Hills, Jaipur. Front left fender damaged, alloy scratched after hitting divider. Reported after 36 day(s).",36
SYN-10048,Bike,Bajaj,Pulsar,2025,MH 61 GF 5632,16_04_2024,Tue,Collision,"Koramangala, Nagpur",Nagpur,Maharashtra,Multiple panel dents after multi-vehicle pile-up,2175,5782,Essential Third-Party,Denied,Third-party only policy; own-damage not covered,"Collision at Koramangala, Nagpur. Multiple panel dents after multi-vehicle pile-up. Reported after 28 day(s).",28
SYN-10049,Bike,TVS,Apache,2016,CH 35 WB 3718,24_08_2022,Wed,Other,"Hinjewadi, Chandigarh",Chandigarh,Chandigarh,Garage mishandling; new scratches on rear quarter panel,29861,31482,Premium Fleet Protect,Accepted,Police FIR attached; theft claim within policy terms,"Other at Hinjewadi, Chandigarh. Garage mishandling; new scratches on rear quarter panel. Reported after 34 day(s).",34
SYN-10050,Bike,Royal Enfield,Classic 350,2024,KA 57 BA 8078,12_07_2023,Wed,Collision,"Park Street, Mysuru",Mysuru,Karnataka,"Windscreen shattered, dashboard airbag deployed",28378,23464,Comprehensive Plus,Denied,Delayed intimation beyond allowed claim window,"Collision at Park Street, Mysuru. Windscreen shattered, dashboard airbag deployed. Reported after 32 day(s).",32
SYN-10051,Bike,Royal Enfield,Classic 350,2019,MH 74 AU 8708,16_04_2026,Thu,Collision,"Mahim, Mumbai",Mumbai,Maharashtra,"Windscreen shattered, dashboard airbag deployed",3359,44238,Premium Fleet Protect,Denied,Delayed intimation beyond allowed claim window,"Collision at Mahim, Mumbai. Windscreen shattered, dashboard airbag deployed. Reported after 43 day(s).",43
SYN-10052,Car,BMW,3 Series,2019,DL 14 WH 9117,16_04_2024,Tue,Collision,"MG Road, Delhi",Delhi,Delhi,"Front left fender damaged, alloy scratched after hitting divider",53607,8350,Essential Third-Party,Denied,Third-party only policy; own-damage not covered,"Collision at MG Road, Delhi. Front left fender damaged, alloy scratched after hitting divider. Reported after 21 day(s).",21
SYN-10053,Car,Toyota,Innova,2023,MH 01 SN 7770,07_04_2024,Sun,Collision,"Park Street, Pune",Pune,Maharashtra,"Driver side door dent, side mirror broken, paint scratches",109259,13899,Comprehensive Plus,Denied,Delayed intimation beyond allowed claim window,"Collision at Park Street, Pune. Driver side door dent, side mirror broken, paint scratches. Reported after 32 day(s).",32
SYN-10054,Car,Mahindra,Scorpio,2024,WB 90 MA 4920,26_09_2022,Mon,Collision,"Ring Road, Kolkata",Kolkata,West Bengal,"Front bumper cracked, headlamp broken, bonnet dented",79987,6687,Essential Third-Party,Denied,Third-party only policy; own-damage not covered,"Collision at Ring Road, Kolkata. Front bumper cracked, headlamp broken, bonnet dented. Reported after 18 day(s).",18
SYN-10055,Bike,Bajaj,Pulsar,2023,MH 38 MG 8905,19_08_2025,Tue,Collision,"Sector 18, Mumbai",Mumbai,Maharashtra,"Rear bumper smashed, tail light damaged, trunk lid bent",9698,8280,Essential Third-Party,Accepted,Invoice from authorized garage; amount verified,"Collision at Sector 18, Mumbai. Rear bumper smashed, tail light damaged, trunk lid bent. Reported after 9 day(s).",9
SYN-10056,Truck,Ashok Leyland,Dost,2022,UP 35 VG 5891,20_07_2023,Thu,Collision,"Whitefield, Lucknow",Lucknow,Uttar Pradesh,Multiple panel dents after multi-vehicle pile-up,33300,29473,Premium Fleet Protect,Accepted,Weather-related loss covered under comprehensive plan,"Collision at Whitefield, Lucknow. Multiple panel dents after multi-vehicle pile-up. Reported after 26 day(s).",26
SYN-10057,Scooter,Ather,450X,2025,WB 42 XZ 4912,12_04_2026,Sun,Collision,"Whitefield, Kolkata",Kolkata,West Bengal,"Front left fender damaged, alloy scratched after hitting divider",19585,17446,Comprehensive Plus,Denied,Delayed intimation beyond allowed claim window,"Collision at Whitefield, Kolkata. Front left fender damaged, alloy scratched after hitting divider. Reported after 34 day(s).",34
SYN-10058,Bike,Honda,Activa,2021,MH 43 XX 8213,11_10_2024,Fri,Weather,"Saket, Pune",Pune,Maharashtra,Cyclone-related panel dents and broken glass,11968,22873,Comprehensive Plus,Accepted,Weather-related loss covered under comprehensive plan,"Weather at Saket, Pune. Cyclone-related panel dents and broken glass. Reported after 2 day(s).",2
SYN-10059,Car,BMW,3 Series,2015,MH 80 SR 6383,27_06_2023,Tue,Other,"Salt Lake, Nashik",Nashik,Maharashtra,Parking scrape against pillar; minor bumper damage,110436,8346,Essential Third-Party,Denied,Third-party only policy; own-damage not covered,"Other at Salt Lake, Nashik. Parking scrape against pillar; minor bumper damage. Reported after 21 day(s).",21
SYN-10060,Scooter,Ather,450X,2021,TN 30 UK 2612,21_05_2022,Sat,Weather,"Ring Road, Chennai",Chennai,Tamil Nadu,Cyclone-related panel dents and broken glass,21732,26176,Premium Fleet Protect,Denied,Policy lapsed at time of incident,"Weather at Ring Road, Chennai. Cyclone-related panel dents and broken glass. Reported after 15 day(s).",15
SYN-10061,Bike,Yamaha,R15,2016,GJ 48 KF 7751,24_08_2023,Thu,Weather,"Koramangala, Surat",Surat,Gujarat,Hail damage on roof and bonnet,5677,7157,Essential Third-Party,Denied,Third-party only policy; own-damage not covered,"Weather at Koramangala, Surat. Hail damage on roof and bonnet. Reported after 22 day(s).",22
SYN-10062,Bike,Honda,Activa,2017,DL 33 SX 8622,09_04_2025,Wed,Theft,"Mahim, Delhi",Delhi,Delhi,Catalytic converter / parts theft; underbody damage,34615,32891,Premium Fleet Protect,Accepted,Own-damage cover active; deductible applied; claim approved,"Theft at Mahim, Delhi. Catalytic converter / parts theft; underbody damage. Reported after 9 day(s).",9
SYN-10063,Scooter,Ather,450X,2017,MH 26 ZW 2747,14_11_2025,Fri,Other,"Park Street, Nagpur",Nagpur,Maharashtra,Garage mishandling; new scratches on rear quarter panel,15403,22468,Comprehensive Plus,Accepted,Surveyor confirmed repair estimate within IDV limits,"Other at Park Street, Nagpur. Garage mishandling; new scratches on rear quarter panel. Reported after 16 day(s).",16
SYN-10064,Car,Mahindra,Scorpio,2024,KA 07 XU 5689,05_03_2025,Wed,Collision,"Outer Ring Road, Mysuru",Mysuru,Karnataka,"Windscreen shattered, dashboard airbag deployed",9061,16497,Comprehensive Plus,Denied,Delayed intimation beyond allowed claim window,"Collision at Outer Ring Road, Mysuru. Windscreen shattered, dashboard airbag deployed. Reported after 43 day(s).",43
SYN-10065,Bike,Honda,Activa,2024,TN 57 AJ 3153,09_07_2025,Wed,Theft,"Hinjewadi, Coimbatore",Coimbatore,Tamil Nadu,"Break-in attempt; door lock forced, interior vandalized",8367,29481,Premium Fleet Protect,Denied,Missing FIR for theft claim,"Theft at Hinjewadi, Coimbatore. Break-in attempt; door lock forced, interior vandalized. Reported after 41 day(s).",41
SYN-10066,Car,Tata,Punch,2020,GJ 38 UH 2886,13_07_2023,Thu,Collision,"Koramangala, Ahmedabad",Ahmedabad,Gujarat,Multiple panel dents after multi-vehicle pile-up,73771,20697,Comprehensive Plus,Accepted,Own-damage cover active; deductible applied; claim approved,"Collision at Koramangala, Ahmedabad. Multiple panel dents after multi-vehicle pile-up. Reported after 10 day(s).",10
SYN-10067,Car,Maruti,WagonR,2017,HR 16 LS 5295,08_06_2026,Mon,Weather,"Highway NH48, Gurgaon",Gurgaon,Haryana,Cyclone-related panel dents and broken glass,19836,36985,Premium Fleet Protect,Accepted,Weather-related loss covered under comprehensive plan,"Weather at Highway NH48, Gurgaon. Cyclone-related panel dents and broken glass. Reported after 25 day(s).",25
SYN-10068,Bike,Yamaha,R15,2020,MH 60 XG 7689,03_06_2025,Tue,Collision,"Highway NH48, Thane",Thane,Maharashtra,"Front bumper cracked, headlamp broken, bonnet dented",23496,43396,Premium Fleet Protect,Accepted,Invoice from authorized garage; amount verified,"Collision at Highway NH48, Thane. Front bumper cracked, headlamp broken, bonnet dented. Reported after 14 day(s).",14
SYN-10069,Car,Maruti,Baleno,2015,KA 76 UD 7797,18_07_2024,Thu,Collision,"T Nagar, Mysuru",Mysuru,Karnataka,"Rear bumper smashed, tail light damaged, trunk lid bent",58940,29445,Premium Fleet Protect,Denied,Incident date outside policy period,"Collision at T Nagar, Mysuru. Rear bumper smashed, tail light damaged, trunk lid bent. Reported after 23 day(s).",23
SYN-10070,Bike,TVS,Apache,2024,GJ 48 NZ 6876,29_04_2023,Sat,Collision,"Baner, Ahmedabad",Ahmedabad,Gujarat,"Driver side door dent, side mirror broken, paint scratches",31143,8132,Essential Third-Party,Accepted,Invoice from authorized garage; amount verified,"Collision at Baner, Ahmedabad. Driver side door dent, side mirror broken, paint scratches. Reported after 23 day(s).",23
SYN-10071,Car,Tata,Nexon,2018,MH 73 EW 4394,14_04_2022,Thu,Collision,"Park Street, Thane",Thane,Maharashtra,"Rear bumper smashed, tail light damaged, trunk lid bent",10799,44567,Premium Fleet Protect,Accepted,Police FIR attached; theft claim within policy terms,"Collision at Park Street, Thane. Rear bumper smashed, tail light damaged, trunk lid bent. Reported after 21 day(s).",21
SYN-10072,Bike,Honda,Activa,2020,MH 17 AV 4898,24_06_2026,Wed,Collision,"Civil Lines, Nashik",Nashik,Maharashtra,"Rear bumper smashed, tail light damaged, trunk lid bent",18426,8925,Essential Third-Party,Accepted,Damage consistent with reported incident and policy covers this peril,"Collision at Civil Lines, Nashik. Rear bumper smashed, tail light damaged, trunk lid bent. Reported after 11 day(s).",11
SYN-10073,Bike,Hero,Splendor,2017,KA 58 MY 1710,02_09_2024,Mon,Collision,"Bandra West, Bengaluru",Bengaluru,Karnataka,"Front left fender damaged, alloy scratched after hitting divider",6165,28724,Premium Fleet Protect,Denied,Damage pattern inconsistent with stated cause,"Collision at Bandra West, Bengaluru. Front left fender damaged, alloy scratched after hitting divider. Reported after 28 day(s).",28
SYN-10074,Bike,Yamaha,R15,2023,KA 14 MX 2204,23_05_2024,Thu,Theft,"Park Street, Mysuru",Mysuru,Karnataka,Vehicle stolen from residential parking; recovered with ignition damage,28320,8423,Essential Third-Party,Denied,Third-party only policy; own-damage not covered,"Theft at Park Street, Mysuru. Vehicle stolen from residential parking; recovered with ignition damage. Reported after 43 day(s).",43
SYN-10075,Scooter,Suzuki,Access,2024,MH 68 GM 8048,29_12_2025,Mon,Collision,"Mahim, Nashik",Nashik,Maharashtra,Multiple panel dents after multi-vehicle pile-up,19468,44181,Premium Fleet Protect,Accepted,Weather-related loss covered under comprehensive plan,"Collision at Mahim, Nashik. Multiple panel dents after multi-vehicle pile-up. Reported after 20 day(s).",20
SYN-10076,Car,Hyundai,i20,2025,KL 54 TH 6120,27_04_2024,Sat,Weather,"Sector 18, Kochi",Kochi,Kerala,Flood water entered cabin; electrical short suspected,37949,19398,Comprehensive Plus,Denied,Incident date outside policy period,"Weather at Sector 18, Kochi. Flood water entered cabin; electrical short suspected. Reported after 21 day(s).",21
SYN-10077,Bike,Bajaj,Pulsar,2017,CH 72 BZ 6400,05_03_2026,Thu,Collision,"T Nagar, Chandigarh",Chandigarh,Chandigarh,"Front bumper cracked, headlamp broken, bonnet dented",8328,8037,Essential Third-Party,Denied,Third-party only policy; own-damage not covered,"Collision at T Nagar, Chandigarh. Front bumper cracked, headlamp broken, bonnet dented. Reported after 23 day(s).",23
SYN-10078,Bike,TVS,Apache,2020,CH 74 MD 8900,22_12_2023,Fri,Vandalism,"Salt Lake, Chandigarh",Chandigarh,Chandigarh,Tyres slashed; side mirror broken,22476,6856,Essential Third-Party,Denied,Third-party only policy; own-damage not covered,"Vandalism at Salt Lake, Chandigarh. Tyres slashed; side mirror broken. Reported after 6 day(s).",6
SYN-10079,Car,Hyundai,i20,2020,UP 80 RR 1430,28_05_2024,Tue,Collision,"Gachibowli, Lucknow",Lucknow,Uttar Pradesh,"Driver side door dent, side mirror broken, paint scratches",113804,32410,Premium Fleet Protect,Denied,Delayed intimation beyond allowed claim window,"Collision at Gachibowli, Lucknow. Driver side door dent, side mirror broken, paint scratches. Reported after 35 day(s).",35
SYN-10080,Bike,Yamaha,R15,2019,MH 09 DR 1502,07_01_2023,Sat,Collision,"Koramangala, Mumbai",Mumbai,Maharashtra,"Driver side door dent, side mirror broken, paint scratches",2400,17751,Comprehensive Plus,Accepted,Own-damage cover active; deductible applied; claim approved,"Collision at Koramangala, Mumbai. Driver side door dent, side mirror broken, paint scratches. Reported after 9 day(s).",9
SYN-10081,Car,Honda,City,2021,GJ 07 DU 1815,10_05_2026,Sun,Collision,"Park Street, Ahmedabad",Ahmedabad,Gujarat,"Driver side door dent, side mirror broken, paint scratches",50517,23822,Comprehensive Plus,Denied,Delayed intimation beyond allowed claim window,"Collision at Park Street, Ahmedabad. Driver side door dent, side mirror broken, paint scratches. Reported after 36 day(s).",36
SYN-10082,Bike,Bajaj,Pulsar,2022,CH 15 GS 8972,27_03_2026,Fri,Collision,"Salt Lake, Chandigarh",Chandigarh,Chandigarh,"Front left fender damaged, alloy scratched after hitting divider",16127,16475,Comprehensive Plus,Accepted,Own-damage cover active; deductible applied; claim approved,"Collision at Salt Lake, Chandigarh. Front left fender damaged, alloy scratched after hitting divider. Reported after 32 day(s).",32
SYN-10083,Car,Tata,Punch,2015,HR 98 FH 1126,09_03_2023,Thu,Other,"Banjara Hills, Gurgaon",Gurgaon,Haryana,Parking scrape against pillar; minor bumper damage,47507,6174,Essential Third-Party,Denied,Third-party only policy; own-damage not covered,"Other at Banjara Hills, Gurgaon. Parking scrape against pillar; minor bumper damage. Reported after 8 day(s).",8
SYN-10084,Car,Kia,Seltos,2017,MH 95 AA 2275,30_09_2025,Tue,Theft,"Banjara Hills, Nashik",Nashik,Maharashtra,Two-wheeler stolen; recovered with missing battery and scratches,117229,43308,Premium Fleet Protect,Denied,Missing FIR for theft claim,"Theft at Banjara Hills, Nashik. Two-wheeler stolen; recovered with missing battery and scratches. Reported after 22 day(s).",22
SYN-10085,Scooter,Ather,450X,2021,MP 59 WY 2443,12_02_2022,Sat,Weather,"Banjara Hills, Indore",Indore,Madhya Pradesh,Cyclone-related panel dents and broken glass,14772,13887,Comprehensive Plus,Accepted,Weather-related loss covered under comprehensive plan,"Weather at Banjara Hills, Indore. Cyclone-related panel dents and broken glass. Reported after 20 day(s).",20
SYN-10086,Car,Hyundai,i20,2018,GJ 10 MC 9355,08_03_2026,Sun,Collision,"MG Road, Ahmedabad",Ahmedabad,Gujarat,"Front bumper cracked, headlamp broken, bonnet dented",48668,26262,Comprehensive Plus,Accepted,Police FIR attached; theft claim within policy terms,"Collision at MG Road, Ahmedabad. Front bumper cracked, headlamp broken, bonnet dented. Reported after 21 day(s).",21
SYN-10087,Car,Mahindra,Scorpio,2020,KL 23 YR 8601,18_05_2025,Sun,Collision,"Whitefield, Kochi",Kochi,Kerala,"Rear bumper smashed, tail light damaged, trunk lid bent",30740,15232,Comprehensive Plus,Denied,Damage pattern inconsistent with stated cause,"Collision at Whitefield, Kochi. Rear bumper smashed, tail light damaged, trunk lid bent. Reported after 9 day(s).",9
SYN-10088,Bike,Royal Enfield,Classic 350,2022,CH 76 BM 6085,19_06_2024,Wed,Theft,"MG Road, Chandigarh",Chandigarh,Chandigarh,"Break-in attempt; door lock forced, interior vandalized",11893,35359,Premium Fleet Protect,Accepted,Surveyor confirmed repair estimate within IDV limits,"Theft at MG Road, Chandigarh. Break-in attempt; door lock forced, interior vandalized. Reported after 4 day(s).",4
SYN-10089,Car,Maruti,Baleno,2015,TN 06 LV 4084,27_02_2024,Tue,Collision,"Connaught Place, Coimbatore",Coimbatore,Tamil Nadu,"Front bumper cracked, headlamp broken, bonnet dented",74462,44466,Premium Fleet Protect,Accepted,Invoice from authorized garage; amount verified,"Collision at Connaught Place, Coimbatore. Front bumper cracked, headlamp broken, bonnet dented. Reported after 29 day(s).",29
SYN-10090,Car,Mercedes,C-Class,2023,MH 57 ZN 3600,16_08_2025,Sat,Collision,"Bandra West, Nashik",Nashik,Maharashtra,"Driver side door dent, side mirror broken, paint scratches",74132,27763,Premium Fleet Protect,Accepted,Invoice from authorized garage; amount verified,"Collision at Bandra West, Nashik. Driver side door dent, side mirror broken, paint scratches. Reported after 11 day(s).",11
SYN-10091,Car,Tata,Punch,2021,GJ 37 FW 3463,07_11_2023,Tue,Weather,"Saket, Ahmedabad",Ahmedabad,Gujarat,Hail damage on roof and bonnet,16639,35965,Premium Fleet Protect,Accepted,Own-damage cover active; deductible applied; claim approved,"Weather at Saket, Ahmedabad. Hail damage on roof and bonnet. Reported after 6 day(s).",6
SYN-10092,Car,Hyundai,Creta,2020,KA 83 VV 9624,18_02_2025,Tue,Weather,"Ring Road, Mysuru",Mysuru,Karnataka,Cyclone-related panel dents and broken glass,48577,5194,Essential Third-Party,Denied,Third-party only policy; own-damage not covered,"Weather at Ring Road, Mysuru. Cyclone-related panel dents and broken glass. Reported after 24 day(s).",24
SYN-10093,Car,Kia,Seltos,2023,TN 18 DG 2657,22_09_2024,Sun,Collision,"Andheri East, Coimbatore",Coimbatore,Tamil Nadu,"Rear bumper smashed, tail light damaged, trunk lid bent",108421,7299,Essential Third-Party,Denied,Third-party only policy; own-damage not covered,"Collision at Andheri East, Coimbatore. Rear bumper smashed, tail light damaged, trunk lid bent. Reported after 12 day(s).",12
SYN-10094,Car,Maruti,Baleno,2025,TN 22 TB 6968,30_08_2026,Sun,Collision,"Civil Lines, Chennai",Chennai,Tamil Nadu,"Front left fender damaged, alloy scratched after hitting divider",31703,5829,Essential Third-Party,Denied,Third-party only policy; own-damage not covered,"Collision at Civil Lines, Chennai. Front left fender damaged, alloy scratched after hitting divider. Reported after 44 day(s).",44
SYN-10095,Bike,Honda,Activa,2022,MP 25 JY 8218,26_09_2023,Tue,Weather,"Connaught Place, Bhopal",Bhopal,Madhya Pradesh,Cyclone-related panel dents and broken glass,17674,8874,Essential Third-Party,Denied,Third-party only policy; own-damage not covered,"Weather at Connaught Place, Bhopal. Cyclone-related panel dents and broken glass. Reported after 30 day(s).",30
SYN-10096,Car,Tata,Punch,2021,RJ 48 NC 9452,17_04_2022,Sun,Collision,"Adyar, Jaipur",Jaipur,Rajasthan,"Rear bumper smashed, tail light damaged, trunk lid bent",40768,5633,Essential Third-Party,Denied,Third-party only policy; own-damage not covered,"Collision at Adyar, Jaipur. Rear bumper smashed, tail light damaged, trunk lid bent. Reported after 41 day(s).",41
SYN-10097,Scooter,Suzuki,Access,2016,DL 04 KK 7126,31_03_2023,Fri,Collision,"Baner, Delhi",Delhi,Delhi,Multiple panel dents after multi-vehicle pile-up,4505,8083,Essential Third-Party,Denied,Third-party only policy; own-damage not covered,"Collision at Baner, Delhi. Multiple panel dents after multi-vehicle pile-up. Reported after 28 day(s).",28
SYN-10098,Car,Maruti,WagonR,2020,HR 90 WU 8685,27_10_2022,Thu,Collision,"Andheri East, Gurgaon",Gurgaon,Haryana,"Front bumper cracked, headlamp broken, bonnet dented",111727,35986,Premium Fleet Protect,Accepted,Own-damage cover active; deductible applied; claim approved,"Collision at Andheri East, Gurgaon. Front bumper cracked, headlamp broken, bonnet dented. Reported after 8 day(s).",8
SYN-10099,Car,Maruti,Swift,2016,MH 39 CF 8489,16_05_2024,Thu,Collision,"Baner, Mumbai",Mumbai,Maharashtra,"Rear bumper smashed, tail light damaged, trunk lid bent",77176,44951,Premium Fleet Protect,Denied,Suspected pre-existing damage / wear and tear exclusion,"Collision at Baner, Mumbai. Rear bumper smashed, tail light damaged, trunk lid bent. Reported after 7 day(s).",7
SYN-10100,Car,Mercedes,C-Class,2024,UP 24 SB 6908,29_05_2024,Wed,Theft,"Andheri East, Lucknow",Lucknow,Uttar Pradesh,Two-wheeler stolen; recovered with missing battery and scratches,46177,29704,Premium Fleet Protect,Accepted,Own-damage cover active; deductible applied; claim approved,"Theft at Andheri East, Lucknow. Two-wheeler stolen; recovered with missing battery and scratches. Reported after 0 day(s).",0
SYN-10101,Car,Maruti,Swift,2021,WB 99 PU 3185,02_01_2024,Tue,Theft,"Bandra West, Kolkata",Kolkata,West Bengal,"Break-in attempt; door lock forced, interior vandalized",10128,24244,Comprehensive Plus,Denied,Damage pattern inconsistent with stated cause,"Theft at Bandra West, Kolkata. Break-in attempt; door lock forced, interior vandalized. Reported after 4 day(s).",4
SYN-10102,Car,Mahindra,XUV700,2025,DL 05 GB 4268,20_07_2026,Mon,Collision,"Highway NH48, Delhi",Delhi,Delhi,"Windscreen shattered, dashboard airbag deployed",31891,22350,Comprehensive Plus,Accepted,Own-damage cover active; deductible applied; claim approved,"Collision at Highway NH48, Delhi. Windscreen shattered, dashboard airbag deployed. Reported after 8 day(s).",8
SYN-10103,Scooter,Suzuki,Access,2019,RJ 07 WH 3039,23_03_2026,Mon,Other,"Banjara Hills, Jaipur",Jaipur,Rajasthan,Garage mishandling; new scratches on rear quarter panel,2699,16150,Comprehensive Plus,Accepted,Surveyor confirmed repair estimate within IDV limits,"Other at Banjara Hills, Jaipur. Garage mishandling; new scratches on rear quarter panel. Reported after 41 day(s).",41
SYN-10104,Bike,TVS,Apache,2021,GJ 94 KK 3956,23_01_2024,Tue,Collision,"Banjara Hills, Surat",Surat,Gujarat,"Rear bumper smashed, tail light damaged, trunk lid bent",34605,23338,Comprehensive Plus,Accepted,Damage consistent with reported incident and policy covers this peril,"Collision at Banjara Hills, Surat. Rear bumper smashed, tail light damaged, trunk lid bent. Reported after 33 day(s).",33
SYN-10105,Car,Mahindra,XUV700,2016,MH 58 AX 6776,22_05_2024,Wed,Weather,"Saket, Nagpur",Nagpur,Maharashtra,Tree branch fell on roof during storm,102065,21873,Comprehensive Plus,Denied,Policy lapsed at time of incident,"Weather at Saket, Nagpur. Tree branch fell on roof during storm. Reported after 10 day(s).",10
SYN-10106,Bike,TVS,Apache,2019,KL 05 CF 7001,05_03_2022,Sat,Collision,"Bandra West, Kochi",Kochi,Kerala,"Windscreen shattered, dashboard airbag deployed",12484,17952,Comprehensive Plus,Denied,Incident date outside policy period,"Collision at Bandra West, Kochi. Windscreen shattered, dashboard airbag deployed. Reported after 9 day(s).",9
SYN-10107,Car,Maruti,Baleno,2024,MH 47 KR 5089,07_06_2022,Tue,Collision,"Highway NH48, Nashik",Nashik,Maharashtra,"Driver side door dent, side mirror broken, paint scratches",108019,19273,Comprehensive Plus,Denied,Delayed intimation beyond allowed claim window,"Collision at Highway NH48, Nashik. Driver side door dent, side mirror broken, paint scratches. Reported after 36 day(s).",36
SYN-10108,Truck,Tata,Ace,2017,WB 79 GY 9047,12_12_2025,Fri,Collision,"Adyar, Kolkata",Kolkata,West Bengal,Multiple panel dents after multi-vehicle pile-up,83233,6644,Essential Third-Party,Denied,Third-party only policy; own-damage not covered,"Collision at Adyar, Kolkata. Multiple panel dents after multi-vehicle pile-up. Reported after 28 day(s).",28
SYN-10109,Car,Hyundai,Creta,2016,GJ 09 NG 5914,13_12_2023,Wed,Other,"Koramangala, Surat",Surat,Gujarat,Animal hit on highway; front grille damaged,95535,7118,Essential Third-Party,Denied,Third-party only policy; own-damage not covered,"Other at Koramangala, Surat. Animal hit on highway; front grille damaged. Reported after 45 day(s).",45
SYN-10110,Scooter,TVS,Jupiter,2020,RJ 48 LZ 3126,23_02_2022,Wed,Collision,"Hinjewadi, Jaipur",Jaipur,Rajasthan,"Rear bumper smashed, tail light damaged, trunk lid bent",17688,6439,Essential Third-Party,Denied,Third-party only policy; own-damage not covered,"Collision at Hinjewadi, Jaipur. Rear bumper smashed, tail light damaged, trunk lid bent. Reported after 23 day(s).",23
SYN-10111,Bike,Hero,Splendor,2016,KA 17 ZR 8372,25_04_2026,Sat,Other,"Banjara Hills, Mysuru",Mysuru,Karnataka,Garage mishandling; new scratches on rear quarter panel,28921,20612,Comprehensive Plus,Denied,Damage pattern inconsistent with stated cause,"Other at Banjara Hills, Mysuru. Garage mishandling; new scratches on rear quarter panel. Reported after 26 day(s).",26
SYN-10112,Car,Mahindra,Scorpio,2017,UP 42 YF 9501,30_08_2026,Sun,Theft,"Ring Road, Lucknow",Lucknow,Uttar Pradesh,Two-wheeler stolen; recovered with missing battery and scratches,15263,20238,Comprehensive Plus,Accepted,Police FIR attached; theft claim within policy terms,"Theft at Ring Road, Lucknow. Two-wheeler stolen; recovered with missing battery and scratches. Reported after 7 day(s).",7
SYN-10113,Scooter,Honda,Activa 6G,2019,UP 65 RP 3526,28_12_2024,Sat,Other,"Ring Road, Noida",Noida,Uttar Pradesh,Animal hit on highway; front grille damaged,21633,6980,Essential Third-Party,Denied,Third-party only policy; own-damage not covered,"Other at Ring Road, Noida. Animal hit on highway; front grille damaged. Reported after 5 day(s).",5
SYN-10114,Car,Mahindra,XUV700,2024,MH 82 AX 9938,08_03_2023,Wed,Collision,"Andheri East, Pune",Pune,Maharashtra,"Windscreen shattered, dashboard airbag deployed",93344,33672,Premium Fleet Protect,Denied,Delayed intimation beyond allowed claim window,"Collision at Andheri East, Pune. Windscreen shattered, dashboard airbag deployed. Reported after 36 day(s).",36
SYN-10115,Car,Tata,Punch,2022,HR 27 HD 6231,19_06_2024,Wed,Collision,"Highway NH48, Gurgaon",Gurgaon,Haryana,"Front left fender damaged, alloy scratched after hitting divider",28719,4990,Essential Third-Party,Denied,Third-party only policy; own-damage not covered,"Collision at Highway NH48, Gurgaon. Front left fender damaged, alloy scratched after hitting divider. Reported after 26 day(s).",26
SYN-10116,Bike,Bajaj,Pulsar,2021,MH 38 YW 7850,08_09_2022,Thu,Theft,"Gachibowli, Nashik",Nashik,Maharashtra,Vehicle stolen from residential parking; recovered with ignition damage,32570,15960,Comprehensive Plus,Accepted,Damage consistent with reported incident and policy covers this peril,"Theft at Gachibowli, Nashik. Vehicle stolen from residential parking; recovered with ignition damage. Reported after 17 day(s).",17
SYN-10117,Car,Hyundai,Venue,2020,MP 51 MZ 4524,18_10_2024,Fri,Collision,"Saket, Indore",Indore,Madhya Pradesh,"Rear bumper smashed, tail light damaged, trunk lid bent",69186,20433,Comprehensive Plus,Denied,Damage pattern inconsistent with stated cause,"Collision at Saket, Indore. Rear bumper smashed, tail light damaged, trunk lid bent. Reported after 19 day(s).",19
SYN-10118,Bike,Hero,Splendor,2015,KA 98 KB 1838,02_10_2026,Fri,Theft,"T Nagar, Mysuru",Mysuru,Karnataka,Catalytic converter / parts theft; underbody damage,2535,20793,Comprehensive Plus,Denied,Policy lapsed at time of incident,"Theft at T Nagar, Mysuru. Catalytic converter / parts theft; underbody damage. Reported after 6 day(s).",6
SYN-10119,Bike,Honda,Activa,2020,UP 16 CC 7114,18_08_2026,Tue,Collision,"Connaught Place, Lucknow",Lucknow,Uttar Pradesh,Multiple panel dents after multi-vehicle pile-up,20331,24523,Comprehensive Plus,Denied,Delayed intimation beyond allowed claim window,"Collision at Connaught Place, Lucknow. Multiple panel dents after multi-vehicle pile-up. Reported after 39 day(s).",39
SYN-10120,Bike,Bajaj,Pulsar,2023,TN 61 MD 9446,03_04_2022,Sun,Collision,"Whitefield, Coimbatore",Coimbatore,Tamil Nadu,Multiple panel dents after multi-vehicle pile-up,4638,20193,Comprehensive Plus,Accepted,Surveyor confirmed repair estimate within IDV limits,"Collision at Whitefield, Coimbatore. Multiple panel dents after multi-vehicle pile-up. Reported after 2 day(s).",2
SYN-10121,Car,Mahindra,XUV700,2017,TS 91 NL 1272,24_08_2026,Mon,Weather,"Civil Lines, Hyderabad",Hyderabad,Telangana,Tree branch fell on roof during storm,74494,36022,Premium Fleet Protect,Denied,Delayed intimation beyond allowed claim window,"Weather at Civil Lines, Hyderabad. Tree branch fell on roof during storm. Reported after 32 day(s).",32
SYN-10122,Car,Hyundai,i20,2021,MP 93 BM 9589,29_08_2024,Thu,Vandalism,"Connaught Place, Indore",Indore,Madhya Pradesh,Tyres slashed; side mirror broken,86238,25873,Premium Fleet Protect,Denied,Suspected pre-existing damage / wear and tear exclusion,"Vandalism at Connaught Place, Indore. Tyres slashed; side mirror broken. Reported after 16 day(s).",16
SYN-10123,Bike,Royal Enfield,Classic 350,2021,MH 53 SK 8726,08_02_2022,Tue,Collision,"Highway NH48, Nashik",Nashik,Maharashtra,Multiple panel dents after multi-vehicle pile-up,14503,28601,Premium Fleet Protect,Accepted,Police FIR attached; theft claim within policy terms,"Collision at Highway NH48, Nashik. Multiple panel dents after multi-vehicle pile-up. Reported after 28 day(s).",28
SYN-10124,Scooter,Honda,Activa 6G,2017,RJ 87 UT 5331,21_12_2022,Wed,Theft,"Indiranagar, Jaipur",Jaipur,Rajasthan,Catalytic converter / parts theft; underbody damage,11781,37347,Premium Fleet Protect,Accepted,Surveyor confirmed repair estimate within IDV limits,"Theft at Indiranagar, Jaipur. Catalytic converter / parts theft; underbody damage. Reported after 29 day(s).",29
SYN-10125,Bike,Honda,Activa,2018,KA 62 JY 5480,14_11_2025,Fri,Collision,"Sector 18, Bengaluru",Bengaluru,Karnataka,"Driver side door dent, side mirror broken, paint scratches",15584,23549,Comprehensive Plus,Denied,Delayed intimation beyond allowed claim window,"Collision at Sector 18, Bengaluru. Driver side door dent, side mirror broken, paint scratches. Reported after 45 day(s).",45
SYN-10126,Car,Toyota,Innova,2021,TN 28 EN 5450,24_06_2024,Mon,Collision,"Whitefield, Coimbatore",Coimbatore,Tamil Nadu,"Driver side door dent, side mirror broken, paint scratches",53398,27589,Premium Fleet Protect,Accepted,Own-damage cover active; deductible applied; claim approved,"Collision at Whitefield, Coimbatore. Driver side door dent, side mirror broken, paint scratches. Reported after 41 day(s).",41
SYN-10127,Car,Honda,Amaze,2018,MH 13 SD 3587,25_07_2022,Mon,Other,"Highway NH48, Pune",Pune,Maharashtra,Parking scrape against pillar; minor bumper damage,14880,32629,Premium Fleet Protect,Accepted,Own-damage cover active; deductible applied; claim approved,"Other at Highway NH48, Pune. Parking scrape against pillar; minor bumper damage. Reported after 26 day(s).",26
SYN-10128,Car,Mercedes,C-Class,2022,KL 30 NT 1611,02_05_2022,Mon,Weather,"Indiranagar, Kochi",Kochi,Kerala,Tree branch fell on roof during storm,92659,16676,Comprehensive Plus,Denied,Garage invoice amount exceeds surveyor estimate significantly,"Weather at Indiranagar, Kochi. Tree branch fell on roof during storm. Reported after 5 day(s).",5
SYN-10129,Scooter,TVS,Jupiter,2021,DL 78 CZ 5662,01_12_2026,Tue,Other,"Bandra West, Delhi",Delhi,Delhi,Animal hit on highway; front grille damaged,10985,15052,Comprehensive Plus,Accepted,Weather-related loss covered under comprehensive plan,"Other at Bandra West, Delhi. Animal hit on highway; front grille damaged. Reported after 2 day(s).",2
SYN-10130,Car,Mercedes,C-Class,2017,RJ 24 AH 5833,28_07_2024,Sun,Collision,"Park Street, Jaipur",Jaipur,Rajasthan,"Front bumper cracked, headlamp broken, bonnet dented",103829,14662,Comprehensive Plus,Denied,Delayed intimation beyond allowed claim window,"Collision at Park Street, Jaipur. Front bumper cracked, headlamp broken, bonnet dented. Reported after 41 day(s).",41
SYN-10131,Bike,Honda,Activa,2017,MP 62 HF 5272,31_03_2024,Sun,Other,"Ring Road, Bhopal",Bhopal,Madhya Pradesh,Animal hit on highway; front grille damaged,7684,35745,Premium Fleet Protect,Accepted,Police FIR attached; theft claim within policy terms,"Other at Ring Road, Bhopal. Animal hit on highway; front grille damaged. Reported after 42 day(s).",42
SYN-10132,Car,BMW,3 Series,2019,TN 16 LD 9233,19_11_2025,Wed,Theft,"Connaught Place, Chennai",Chennai,Tamil Nadu,Vehicle stolen from residential parking; recovered with ignition damage,55127,22709,Comprehensive Plus,Denied,Missing FIR for theft claim,"Theft at Connaught Place, Chennai. Vehicle stolen from residential parking; recovered with ignition damage. Reported after 15 day(s).",15
SYN-10133,Truck,Mahindra,Bolero Pickup,2016,KL 78 JT 8714,10_11_2022,Thu,Collision,"Connaught Place, Kochi",Kochi,Kerala,"Rear bumper smashed, tail light damaged, trunk lid bent",140352,5594,Essential Third-Party,Denied,Third-party only policy; own-damage not covered,"Collision at Connaught Place, Kochi. Rear bumper smashed, tail light damaged, trunk lid bent. Reported after 29 day(s).",29
SYN-10134,Bike,Yamaha,R15,2018,HR 65 EN 3695,09_06_2022,Thu,Weather,"Highway NH48, Gurgaon",Gurgaon,Haryana,Hail damage on roof and bonnet,25709,39639,Premium Fleet Protect,Accepted,Weather-related loss covered under comprehensive plan,"Weather at Highway NH48, Gurgaon. Hail damage on roof and bonnet. Reported after 36 day(s).",36
SYN-10135,Car,BMW,3 Series,2016,CH 59 DK 1945,15_07_2026,Wed,Weather,"Indiranagar, Chandigarh",Chandigarh,Chandigarh,Cyclone-related panel dents and broken glass,66390,8680,Essential Third-Party,Denied,Third-party only policy; own-damage not covered,"Weather at Indiranagar, Chandigarh. Cyclone-related panel dents and broken glass. Reported after 3 day(s).",3
SYN-10136,Bike,Yamaha,R15,2019,MH 70 ZY 2130,03_04_2022,Sun,Collision,"Banjara Hills, Mumbai",Mumbai,Maharashtra,"Front bumper cracked, headlamp broken, bonnet dented",6786,32140,Premium Fleet Protect,Accepted,Damage consistent with reported incident and policy covers this peril,"Collision at Banjara Hills, Mumbai. Front bumper cracked, headlamp broken, bonnet dented. Reported after 27 day(s).",27
SYN-10137,Truck,Eicher,Pro 2049,2015,KA 49 BZ 9835,23_02_2024,Fri,Collision,"Salt Lake, Mysuru",Mysuru,Karnataka,"Rear bumper smashed, tail light damaged, trunk lid bent",113162,38774,Premium Fleet Protect,Denied,Incident date outside policy period,"Collision at Salt Lake, Mysuru. Rear bumper smashed, tail light damaged, trunk lid bent. Reported after 28 day(s).",28
SYN-10138,Car,Mahindra,Scorpio,2016,DL 87 TK 7214,08_01_2022,Sat,Collision,"Sector 18, Delhi",Delhi,Delhi,"Rear bumper smashed, tail light damaged, trunk lid bent",117421,32297,Premium Fleet Protect,Denied,Incident date outside policy period,"Collision at Sector 18, Delhi. Rear bumper smashed, tail light damaged, trunk lid bent. Reported after 1 day(s).",1
SYN-10139,Scooter,TVS,Jupiter,2022,TN 03 FB 1550,08_05_2024,Wed,Collision,"Whitefield, Coimbatore",Coimbatore,Tamil Nadu,"Windscreen shattered, dashboard airbag deployed",23133,4763,Essential Third-Party,Denied,Third-party only policy; own-damage not covered,"Collision at Whitefield, Coimbatore. Windscreen shattered, dashboard airbag deployed. Reported after 39 day(s).",39
SYN-10140,Car,Maruti,Baleno,2018,MH 94 PP 6253,28_10_2024,Mon,Collision,"Banjara Hills, Pune",Pune,Maharashtra,Multiple panel dents after multi-vehicle pile-up,26367,4962,Essential Third-Party,Denied,Third-party only policy; own-damage not covered,"Collision at Banjara Hills, Pune. Multiple panel dents after multi-vehicle pile-up. Reported after 18 day(s).",18
SYN-10141,Car,Hyundai,Creta,2025,RJ 07 ZY 7244,22_10_2025,Wed,Collision,"Hinjewadi, Jaipur",Jaipur,Rajasthan,"Driver side door dent, side mirror broken, paint scratches",90050,5934,Essential Third-Party,Denied,Third-party only policy; own-damage not covered,"Collision at Hinjewadi, Jaipur. Driver side door dent, side mirror broken, paint scratches. Reported after 27 day(s).",27
SYN-10142,Bike,Bajaj,Pulsar,2021,GJ 19 VY 7761,06_10_2026,Tue,Collision,"Whitefield, Ahmedabad",Ahmedabad,Gujarat,"Rear bumper smashed, tail light damaged, trunk lid bent",17792,40516,Premium Fleet Protect,Accepted,Invoice from authorized garage; amount verified,"Collision at Whitefield, Ahmedabad. Rear bumper smashed, tail light damaged, trunk lid bent. Reported after 14 day(s).",14
SYN-10143,Truck,Ashok Leyland,Dost,2021,HR 25 BJ 1647,09_07_2022,Sat,Collision,"Baner, Gurgaon",Gurgaon,Haryana,"Windscreen shattered, dashboard airbag deployed",112275,8184,Essential Third-Party,Denied,Third-party only policy; own-damage not covered,"Collision at Baner, Gurgaon. Windscreen shattered, dashboard airbag deployed. Reported after 34 day(s).",34
SYN-10144,Scooter,TVS,Jupiter,2024,CH 96 ZM 4974,10_03_2023,Fri,Collision,"Sector 18, Chandigarh",Chandigarh,Chandigarh,"Rear bumper smashed, tail light damaged, trunk lid bent",2002,16967,Comprehensive Plus,Denied,Damage pattern inconsistent with stated cause,"Collision at Sector 18, Chandigarh. Rear bumper smashed, tail light damaged, trunk lid bent. Reported after 12 day(s).",12
SYN-10145,Bike,Yamaha,R15,2018,TS 13 VT 6246,24_09_2023,Sun,Theft,"Hinjewadi, Hyderabad",Hyderabad,Telangana,"Break-in attempt; door lock forced, interior vandalized",25544,19639,Comprehensive Plus,Denied,Incident date outside policy period,"Theft at Hinjewadi, Hyderabad. Break-in attempt; door lock forced, interior vandalized. Reported after 16 day(s).",16
SYN-10146,Scooter,Suzuki,Access,2020,GJ 54 GE 4768,19_06_2023,Mon,Theft,"Bandra West, Ahmedabad",Ahmedabad,Gujarat,Two-wheeler stolen; recovered with missing battery and scratches,2031,29781,Premium Fleet Protect,Denied,Delayed intimation beyond allowed claim window,"Theft at Bandra West, Ahmedabad. Two-wheeler stolen; recovered with missing battery and scratches. Reported after 35 day(s).",35
SYN-10147,Car,Honda,Amaze,2022,UP 59 DV 3773,27_09_2024,Fri,Other,"Ring Road, Lucknow",Lucknow,Uttar Pradesh,Animal hit on highway; front grille damaged,115687,24506,Comprehensive Plus,Denied,Delayed intimation beyond allowed claim window,"Other at Ring Road, Lucknow. Animal hit on highway; front grille damaged. Reported after 41 day(s).",41
SYN-10148,Car,Mercedes,C-Class,2017,UP 98 AD 4791,30_09_2025,Tue,Other,"Ring Road, Lucknow",Lucknow,Uttar Pradesh,Garage mishandling; new scratches on rear quarter panel,115216,5108,Essential Third-Party,Denied,Third-party only policy; own-damage not covered,"Other at Ring Road, Lucknow. Garage mishandling; new scratches on rear quarter panel. Reported after 3 day(s).",3
SYN-10149,Car,Hyundai,Creta,2015,UP 53 AN 5501,26_09_2024,Thu,Collision,"Adyar, Noida",Noida,Uttar Pradesh,"Front bumper cracked, headlamp broken, bonnet dented",94413,40833,Premium Fleet Protect,Accepted,Weather-related loss covered under comprehensive plan,"Collision at Adyar, Noida. Front bumper cracked, headlamp broken, bonnet dented. Reported after 1 day(s).",1
SYN-10150,Car,Tata,Punch,2015,RJ 25 RF 6807,01_11_2022,Tue,Weather,"Outer Ring Road, Jaipur",Jaipur,Rajasthan,Flood water entered cabin; electrical short suspected,76732,5289,Essential Third-Party,Denied,Third-party only policy; own-damage not covered,"Weather at Outer Ring Road, Jaipur. Flood water entered cabin; electrical short suspected. Reported after 15 day(s).",15
SYN-10151,Car,Toyota,Innova,2016,TN 98 AK 7179,01_11_2025,Sat,Collision,"Banjara Hills, Coimbatore",Coimbatore,Tamil Nadu,"Rear bumper smashed, tail light damaged, trunk lid bent",47318,32400,Premium Fleet Protect,Accepted,Invoice from authorized garage; amount verified,"Collision at Banjara Hills, Coimbatore. Rear bumper smashed, tail light damaged, trunk lid bent. Reported after 5 day(s).",5
SYN-10152,Bike,Hero,Splendor,2025,MH 30 EW 8790,04_03_2025,Tue,Collision,"Outer Ring Road, Mumbai",Mumbai,Maharashtra,"Front left fender damaged, alloy scratched after hitting divider",23710,22566,Comprehensive Plus,Denied,Damage pattern inconsistent with stated cause,"Collision at Outer Ring Road, Mumbai. Front left fender damaged, alloy scratched after hitting divider. Reported after 6 day(s).",6
SYN-10153,Car,Maruti,WagonR,2025,KA 19 UT 7525,01_03_2023,Wed,Theft,"Sector 18, Bengaluru",Bengaluru,Karnataka,Vehicle stolen from residential parking; recovered with ignition damage,10052,7076,Essential Third-Party,Denied,Third-party only policy; own-damage not covered,"Theft at Sector 18, Bengaluru. Vehicle stolen from residential parking; recovered with ignition damage. Reported after 37 day(s).",37
SYN-10154,Truck,Mahindra,Bolero Pickup,2017,MP 65 UH 2600,26_02_2024,Mon,Theft,"Hinjewadi, Indore",Indore,Madhya Pradesh,Catalytic converter / parts theft; underbody damage,101960,42713,Premium Fleet Protect,Accepted,Damage consistent with reported incident and policy covers this peril,"Theft at Hinjewadi, Indore. Catalytic converter / parts theft; underbody damage. Reported after 8 day(s).",8
SYN-10155,Car,Maruti,WagonR,2020,MP 46 NJ 4043,14_07_2023,Fri,Other,"Civil Lines, Bhopal",Bhopal,Madhya Pradesh,Animal hit on highway; front grille damaged,91115,12485,Comprehensive Plus,Denied,Garage invoice amount exceeds surveyor estimate significantly,"Other at Civil Lines, Bhopal. Animal hit on highway; front grille damaged. Reported after 28 day(s).",28
SYN-10156,Bike,Yamaha,R15,2021,MH 20 UH 2745,03_07_2023,Mon,Collision,"Civil Lines, Nagpur",Nagpur,Maharashtra,"Rear bumper smashed, tail light damaged, trunk lid bent",7376,27408,Premium Fleet Protect,Accepted,Invoice from authorized garage; amount verified,"Collision at Civil Lines, Nagpur. Rear bumper smashed, tail light damaged, trunk lid bent. Reported after 9 day(s).",9
SYN-10157,Car,Tata,Punch,2022,TN 14 AJ 2524,14_02_2025,Fri,Collision,"Baner, Coimbatore",Coimbatore,Tamil Nadu,"Front bumper cracked, headlamp broken, bonnet dented",66830,8030,Essential Third-Party,Denied,Third-party only policy; own-damage not covered,"Collision at Baner, Coimbatore. Front bumper cracked, headlamp broken, bonnet dented. Reported after 35 day(s).",35
SYN-10158,Bike,Bajaj,Pulsar,2021,MH 22 DG 9079,17_03_2025,Mon,Collision,"Connaught Place, Mumbai",Mumbai,Maharashtra,"Front bumper cracked, headlamp broken, bonnet dented",17908,43334,Premium Fleet Protect,Accepted,Own-damage cover active; deductible applied; claim approved,"Collision at Connaught Place, Mumbai. Front bumper cracked, headlamp broken, bonnet dented. Reported after 33 day(s).",33
SYN-10159,Car,Hyundai,Venue,2021,KA 79 EC 5991,16_01_2026,Fri,Collision,"Salt Lake, Bengaluru",Bengaluru,Karnataka,"Front bumper cracked, headlamp broken, bonnet dented",40321,16123,Comprehensive Plus,Denied,Delayed intimation beyond allowed claim window,"Collision at Salt Lake, Bengaluru. Front bumper cracked, headlamp broken, bonnet dented. Reported after 40 day(s).",40
SYN-10160,Car,Toyota,Innova,2020,MP 18 GP 4290,29_07_2026,Wed,Vandalism,"Banjara Hills, Bhopal",Bhopal,Madhya Pradesh,Windows smashed; stereo removed,64441,17484,Comprehensive Plus,Denied,Delayed intimation beyond allowed claim window,"Vandalism at Banjara Hills, Bhopal. Windows smashed; stereo removed. Reported after 41 day(s).",41
SYN-10161,Car,Hyundai,Venue,2021,TN 47 CN 9939,10_02_2024,Sat,Weather,"Connaught Place, Chennai",Chennai,Tamil Nadu,Cyclone-related panel dents and broken glass,50714,32943,Premium Fleet Protect,Denied,Incident date outside policy period,"Weather at Connaught Place, Chennai. Cyclone-related panel dents and broken glass. Reported after 17 day(s).",17
SYN-10162,Car,Maruti,Swift,2022,UP 82 GF 3525,19_10_2024,Sat,Vandalism,"Park Street, Noida",Noida,Uttar Pradesh,Tyres slashed; side mirror broken,96208,7851,Essential Third-Party,Denied,Third-party only policy; own-damage not covered,"Vandalism at Park Street, Noida. Tyres slashed; side mirror broken. Reported after 8 day(s).",8
SYN-10163,Bike,TVS,Apache,2016,GJ 90 XN 2392,18_01_2025,Sat,Collision,"Civil Lines, Surat",Surat,Gujarat,"Front left fender damaged, alloy scratched after hitting divider",29413,41600,Premium Fleet Protect,Denied,Policy lapsed at time of incident,"Collision at Civil Lines, Surat. Front left fender damaged, alloy scratched after hitting divider. Reported after 2 day(s).",2
SYN-10164,Car,Honda,Amaze,2025,CH 13 FM 9499,11_11_2023,Sat,Collision,"Gachibowli, Chandigarh",Chandigarh,Chandigarh,Multiple panel dents after multi-vehicle pile-up,106655,7773,Essential Third-Party,Denied,Third-party only policy; own-damage not covered,"Collision at Gachibowli, Chandigarh. Multiple panel dents after multi-vehicle pile-up. Reported after 27 day(s).",27
SYN-10165,Bike,Yamaha,R15,2024,HR 14 GY 2406,05_11_2022,Sat,Collision,"Park Street, Gurgaon",Gurgaon,Haryana,"Front left fender damaged, alloy scratched after hitting divider",34798,44286,Premium Fleet Protect,Denied,Incident date outside policy period,"Collision at Park Street, Gurgaon. Front left fender damaged, alloy scratched after hitting divider. Reported after 22 day(s).",22
SYN-10166,Car,Hyundai,Creta,2020,KA 58 HG 2885,02_09_2024,Mon,Collision,"Saket, Mysuru",Mysuru,Karnataka,"Rear bumper smashed, tail light damaged, trunk lid bent",53652,40824,Premium Fleet Protect,Accepted,Invoice from authorized garage; amount verified,"Collision at Saket, Mysuru. Rear bumper smashed, tail light damaged, trunk lid bent. Reported after 6 day(s).",6
SYN-10167,Car,Mahindra,XUV700,2025,MH 43 NZ 4798,04_02_2025,Tue,Vandalism,"Highway NH48, Thane",Thane,Maharashtra,Tyres slashed; side mirror broken,30865,8727,Essential Third-Party,Denied,Third-party only policy; own-damage not covered,"Vandalism at Highway NH48, Thane. Tyres slashed; side mirror broken. Reported after 10 day(s).",10
SYN-10168,Bike,Yamaha,R15,2017,DL 50 AE 5560,27_04_2025,Sun,Weather,"Ring Road, Delhi",Delhi,Delhi,Cyclone-related panel dents and broken glass,31463,6116,Essential Third-Party,Denied,Third-party only policy; own-damage not covered,"Weather at Ring Road, Delhi. Cyclone-related panel dents and broken glass. Reported after 27 day(s).",27
SYN-10169,Bike,Hero,Splendor,2024,MH 68 ZH 7367,22_06_2023,Thu,Collision,"Sector 18, Thane",Thane,Maharashtra,"Driver side door dent, side mirror broken, paint scratches",9468,8248,Essential Third-Party,Denied,Third-party only policy; own-damage not covered,"Collision at Sector 18, Thane. Driver side door dent, side mirror broken, paint scratches. Reported after 42 day(s).",42
SYN-10170,Bike,Royal Enfield,Classic 350,2016,TN 41 CH 3999,08_10_2025,Wed,Vandalism,"Gachibowli, Coimbatore",Coimbatore,Tamil Nadu,Tyres slashed; side mirror broken,7554,6936,Essential Third-Party,Denied,Third-party only policy; own-damage not covered,"Vandalism at Gachibowli, Coimbatore. Tyres slashed; side mirror broken. Reported after 8 day(s).",8
SYN-10171,Car,Hyundai,Creta,2023,TS 23 NM 3298,25_07_2025,Fri,Theft,"Salt Lake, Hyderabad",Hyderabad,Telangana,Catalytic converter / parts theft; underbody damage,71788,15043,Comprehensive Plus,Denied,Delayed intimation beyond allowed claim window,"Theft at Salt Lake, Hyderabad. Catalytic converter / parts theft; underbody damage. Reported after 34 day(s).",34
SYN-10172,Car,BMW,3 Series,2024,MH 65 SK 9056,26_02_2024,Mon,Other,"Gachibowli, Pune",Pune,Maharashtra,Animal hit on highway; front grille damaged,114851,6098,Essential Third-Party,Denied,Third-party only policy; own-damage not covered,"Other at Gachibowli, Pune. Animal hit on highway; front grille damaged. Reported after 35 day(s).",35
SYN-10173,Car,BMW,3 Series,2022,DL 73 UU 9369,06_04_2023,Thu,Theft,"Mahim, Delhi",Delhi,Delhi,Two-wheeler stolen; recovered with missing battery and scratches,44025,12535,Comprehensive Plus,Denied,Delayed intimation beyond allowed claim window,"Theft at Mahim, Delhi. Two-wheeler stolen; recovered with missing battery and scratches. Reported after 34 day(s).",34
SYN-10174,Car,Hyundai,i20,2019,UP 84 UG 1528,24_03_2023,Fri,Theft,"Gachibowli, Lucknow",Lucknow,Uttar Pradesh,Vehicle stolen from residential parking; recovered with ignition damage,79611,39462,Premium Fleet Protect,Denied,Missing FIR for theft claim,"Theft at Gachibowli, Lucknow. Vehicle stolen from residential parking; recovered with ignition damage. Reported after 27 day(s).",27
SYN-10175,Car,Mahindra,Scorpio,2016,GJ 55 DD 4385,03_06_2025,Tue,Vandalism,"Powai, Surat",Surat,Gujarat,Paint keying across driver door and rear panel,101159,7372,Essential Third-Party,Denied,Third-party only policy; own-damage not covered,"Vandalism at Powai, Surat. Paint keying across driver door and rear panel. Reported after 40 day(s).",40
SYN-10176,Scooter,Honda,Activa 6G,2024,TN 66 ZS 2560,23_08_2023,Wed,Collision,"Sector 18, Coimbatore",Coimbatore,Tamil Nadu,Multiple panel dents after multi-vehicle pile-up,24570,7151,Essential Third-Party,Denied,Third-party only policy; own-damage not covered,"Collision at Sector 18, Coimbatore. Multiple panel dents after multi-vehicle pile-up. Reported after 18 day(s).",18
SYN-10177,Car,Kia,Seltos,2015,KA 87 KD 5402,22_10_2023,Sun,Collision,"Ring Road, Bengaluru",Bengaluru,Karnataka,"Rear bumper smashed, tail light damaged, trunk lid bent",101243,5698,Essential Third-Party,Denied,Third-party only policy; own-damage not covered,"Collision at Ring Road, Bengaluru. Rear bumper smashed, tail light damaged, trunk lid bent. Reported after 15 day(s).",15
SYN-10178,Bike,TVS,Apache,2022,MH 42 PW 2526,23_11_2025,Sun,Vandalism,"Ring Road, Nagpur",Nagpur,Maharashtra,Paint keying across driver door and rear panel,20233,20447,Comprehensive Plus,Accepted,Own-damage cover active; deductible applied; claim approved,"Vandalism at Ring Road, Nagpur. Paint keying across driver door and rear panel. Reported after 23 day(s).",23
SYN-10179,Bike,TVS,Apache,2025,CH 37 HP 8951,29_05_2024,Wed,Collision,"Outer Ring Road, Chandigarh",Chandigarh,Chandigarh,"Front bumper cracked, headlamp broken, bonnet dented",16275,38032,Premium Fleet Protect,Accepted,Surveyor confirmed repair estimate within IDV limits,"Collision at Outer Ring Road, Chandigarh. Front bumper cracked, headlamp broken, bonnet dented. Reported after 13 day(s).",13
SYN-10180,Bike,Yamaha,R15,2015,MH 01 ZK 3161,22_06_2024,Sat,Theft,"Powai, Pune",Pune,Maharashtra,Catalytic converter / parts theft; underbody damage,12353,5517,Essential Third-Party,Denied,Third-party only policy; own-damage not covered,"Theft at Powai, Pune. Catalytic converter / parts theft; underbody damage. Reported after 29 day(s).",29
SYN-10181,Scooter,Suzuki,Access,2017,KA 07 KH 4836,21_08_2025,Thu,Weather,"Mahim, Bengaluru",Bengaluru,Karnataka,Tree branch fell on roof during storm,23274,7546,Essential Third-Party,Denied,Third-party only policy; own-damage not covered,"Weather at Mahim, Bengaluru. Tree branch fell on roof during storm. Reported after 10 day(s).",10
SYN-10182,Car,Maruti,WagonR,2016,MH 44 VZ 7919,24_10_2025,Fri,Collision,"Indiranagar, Mumbai",Mumbai,Maharashtra,"Rear bumper smashed, tail light damaged, trunk lid bent",76084,32411,Premium Fleet Protect,Accepted,Invoice from authorized garage; amount verified,"Collision at Indiranagar, Mumbai. Rear bumper smashed, tail light damaged, trunk lid bent. Reported after 28 day(s).",28
SYN-10183,Bike,TVS,Apache,2016,HR 83 ZD 9691,10_12_2026,Thu,Collision,"Banjara Hills, Gurgaon",Gurgaon,Haryana,"Front bumper cracked, headlamp broken, bonnet dented",26088,7066,Essential Third-Party,Accepted,Police FIR attached; theft claim within policy terms,"Collision at Banjara Hills, Gurgaon. Front bumper cracked, headlamp broken, bonnet dented. Reported after 19 day(s).",19
SYN-10184,Bike,Royal Enfield,Classic 350,2025,DL 28 BC 3017,15_06_2025,Sun,Collision,"Park Street, Delhi",Delhi,Delhi,"Rear bumper smashed, tail light damaged, trunk lid bent",28981,29960,Premium Fleet Protect,Denied,Delayed intimation beyond allowed claim window,"Collision at Park Street, Delhi. Rear bumper smashed, tail light damaged, trunk lid bent. Reported after 43 day(s).",43
SYN-10185,Bike,TVS,Apache,2020,GJ 93 PU 1439,24_05_2023,Wed,Vandalism,"Saket, Ahmedabad",Ahmedabad,Gujarat,Paint keying across driver door and rear panel,7521,22561,Comprehensive Plus,Denied,Delayed intimation beyond allowed claim window,"Vandalism at Saket, Ahmedabad. Paint keying across driver door and rear panel. Reported after 35 day(s).",35
SYN-10186,Scooter,Suzuki,Access,2018,RJ 82 PN 1197,25_05_2026,Mon,Theft,"Civil Lines, Jaipur",Jaipur,Rajasthan,Catalytic converter / parts theft; underbody damage,3288,22586,Comprehensive Plus,Accepted,Own-damage cover active; deductible applied; claim approved,"Theft at Civil Lines, Jaipur. Catalytic converter / parts theft; underbody damage. Reported after 15 day(s).",15
SYN-10187,Truck,Mahindra,Bolero Pickup,2017,TS 02 GA 1990,27_04_2026,Mon,Collision,"MG Road, Hyderabad",Hyderabad,Telangana,Multiple panel dents after multi-vehicle pile-up,138473,30661,Premium Fleet Protect,Accepted,Damage consistent with reported incident and policy covers this peril,"Collision at MG Road, Hyderabad. Multiple panel dents after multi-vehicle pile-up. Reported after 4 day(s).",4
SYN-10188,Truck,Eicher,Pro 2049,2023,KA 79 DB 2294,18_06_2022,Sat,Weather,"Ring Road, Mysuru",Mysuru,Karnataka,Cyclone-related panel dents and broken glass,120454,23498,Comprehensive Plus,Denied,Delayed intimation beyond allowed claim window,"Weather at Ring Road, Mysuru. Cyclone-related panel dents and broken glass. Reported after 40 day(s).",40
SYN-10189,Car,Honda,City,2017,UP 08 FY 2900,01_12_2025,Mon,Collision,"Saket, Lucknow",Lucknow,Uttar Pradesh,"Windscreen shattered, dashboard airbag deployed",48654,27166,Premium Fleet Protect,Denied,Suspected pre-existing damage / wear and tear exclusion,"Collision at Saket, Lucknow. Windscreen shattered, dashboard airbag deployed. Reported after 27 day(s).",27
SYN-10190,Car,Maruti,Baleno,2019,CH 64 YN 5247,24_01_2022,Mon,Weather,"Highway NH48, Chandigarh",Chandigarh,Chandigarh,Hail damage on roof and bonnet,99946,5624,Essential Third-Party,Denied,Third-party only policy; own-damage not covered,"Weather at Highway NH48, Chandigarh. Hail damage on roof and bonnet. Reported after 10 day(s).",10
SYN-10191,Car,Hyundai,Creta,2019,MH 81 BL 6900,23_06_2023,Fri,Collision,"Andheri East, Thane",Thane,Maharashtra,"Front left fender damaged, alloy scratched after hitting divider",16371,20582,Comprehensive Plus,Denied,Delayed intimation beyond allowed claim window,"Collision at Andheri East, Thane. Front left fender damaged, alloy scratched after hitting divider. Reported after 45 day(s).",45
SYN-10192,Car,Hyundai,Venue,2020,DL 32 BJ 3458,26_02_2026,Thu,Vandalism,"Baner, Delhi",Delhi,Delhi,Tyres slashed; side mirror broken,37937,28779,Premium Fleet Protect,Accepted,Damage consistent with reported incident and policy covers this peril,"Vandalism at Baner, Delhi. Tyres slashed; side mirror broken. Reported after 32 day(s).",32
SYN-10193,Car,Maruti,Baleno,2023,KL 16 MX 3938,18_10_2023,Wed,Collision,"Salt Lake, Kochi",Kochi,Kerala,"Rear bumper smashed, tail light damaged, trunk lid bent",102409,27005,Comprehensive Plus,Denied,Policy lapsed at time of incident,"Collision at Salt Lake, Kochi. Rear bumper smashed, tail light damaged, trunk lid bent. Reported after 17 day(s).",17
SYN-10194,Car,Maruti,Baleno,2021,MH 38 NG 4974,24_07_2024,Wed,Vandalism,"Park Street, Nagpur",Nagpur,Maharashtra,Windows smashed; stereo removed,80494,13415,Comprehensive Plus,Denied,Garage invoice amount exceeds surveyor estimate significantly,"Vandalism at Park Street, Nagpur. Windows smashed; stereo removed. Reported after 0 day(s).",0
SYN-10195,Car,Mercedes,C-Class,2018,UP 02 YA 7164,11_12_2023,Mon,Collision,"Hinjewadi, Lucknow",Lucknow,Uttar Pradesh,"Front left fender damaged, alloy scratched after hitting divider",78981,6408,Essential Third-Party,Denied,Third-party only policy; own-damage not covered,"Collision at Hinjewadi, Lucknow. Front left fender damaged, alloy scratched after hitting divider. Reported after 40 day(s).",40
SYN-10196,Scooter,Suzuki,Access,2016,UP 30 XM 7102,19_10_2022,Wed,Other,"Adyar, Noida",Noida,Uttar Pradesh,Animal hit on highway; front grille damaged,3462,27748,Comprehensive Plus,Accepted,Damage consistent with reported incident and policy covers this peril,"Other at Adyar, Noida. Animal hit on highway; front grille damaged. Reported after 45 day(s).",45
SYN-10197,Car,Maruti,WagonR,2024,MH 34 WY 7438,18_09_2025,Thu,Collision,"Adyar, Thane",Thane,Maharashtra,"Front left fender damaged, alloy scratched after hitting divider",65014,5010,Essential Third-Party,Denied,Third-party only policy; own-damage not covered,"Collision at Adyar, Thane. Front left fender damaged, alloy scratched after hitting divider. Reported after 8 day(s).",8
SYN-10198,Bike,Yamaha,R15,2020,TN 41 KN 4401,15_11_2022,Tue,Collision,"Park Street, Chennai",Chennai,Tamil Nadu,"Front bumper cracked, headlamp broken, bonnet dented",9141,5615,Essential Third-Party,Accepted,Own-damage cover active; deductible applied; claim approved,"Collision at Park Street, Chennai. Front bumper cracked, headlamp broken, bonnet dented. Reported after 6 day(s).",6
SYN-10199,Car,BMW,3 Series,2019,MH 19 CF 6828,28_11_2025,Fri,Collision,"Mahim, Thane",Thane,Maharashtra,"Windscreen shattered, dashboard airbag deployed",100367,25539,Comprehensive Plus,Accepted,Surveyor confirmed repair estimate within IDV limits,"Collision at Mahim, Thane. Windscreen shattered, dashboard airbag deployed. Reported after 38 day(s).",38
SYN-10200,Car,Maruti,Baleno,2025,KA 32 CC 3290,12_02_2025,Wed,Vandalism,"Baner, Mysuru",Mysuru,Karnataka,Paint keying across driver door and rear panel,67270,7812,Essential Third-Party,Denied,Third-party only policy; own-damage not covered,"Vandalism at Baner, Mysuru. Paint keying across driver door and rear panel. Reported after 35 day(s).",35
SYN-10201,Car,Maruti,Baleno,2018,MH 03 ZE 8265,15_04_2025,Tue,Vandalism,"Indiranagar, Nashik",Nashik,Maharashtra,Windows smashed; stereo removed,84326,27753,Premium Fleet Protect,Denied,Damage pattern inconsistent with stated cause,"Vandalism at Indiranagar, Nashik. Windows smashed; stereo removed. Reported after 16 day(s).",16
SYN-10202,Scooter,Honda,Activa 6G,2020,MH 49 SD 4517,13_10_2024,Sun,Other,"Bandra West, Thane",Thane,Maharashtra,Parking scrape against pillar; minor bumper damage,14443,8048,Essential Third-Party,Denied,Third-party only policy; own-damage not covered,"Other at Bandra West, Thane. Parking scrape against pillar; minor bumper damage. Reported after 1 day(s).",1
SYN-10203,Scooter,Suzuki,Access,2019,GJ 71 MC 7275,28_08_2023,Mon,Collision,"Whitefield, Surat",Surat,Gujarat,Multiple panel dents after multi-vehicle pile-up,22710,33053,Premium Fleet Protect,Denied,Delayed intimation beyond allowed claim window,"Collision at Whitefield, Surat. Multiple panel dents after multi-vehicle pile-up. Reported after 31 day(s).",31
SYN-10204,Car,Honda,City,2025,RJ 50 GA 4588,06_01_2024,Sat,Theft,"Hinjewadi, Jaipur",Jaipur,Rajasthan,Vehicle stolen from residential parking; recovered with ignition damage,101502,24810,Comprehensive Plus,Denied,Policy lapsed at time of incident,"Theft at Hinjewadi, Jaipur. Vehicle stolen from residential parking; recovered with ignition damage. Reported after 30 day(s).",30
SYN-10205,Car,Tata,Nexon,2015,WB 69 VY 1916,23_05_2023,Tue,Collision,"Adyar, Kolkata",Kolkata,West Bengal,Multiple panel dents after multi-vehicle pile-up,21124,5807,Essential Third-Party,Denied,Third-party only policy; own-damage not covered,"Collision at Adyar, Kolkata. Multiple panel dents after multi-vehicle pile-up. Reported after 42 day(s).",42
SYN-10206,Bike,Honda,Activa,2024,TS 46 YA 6761,10_07_2026,Fri,Other,"Gachibowli, Hyderabad",Hyderabad,Telangana,Parking scrape against pillar; minor bumper damage,22840,6437,Essential Third-Party,Denied,Third-party only policy; own-damage not covered,"Other at Gachibowli, Hyderabad. Parking scrape against pillar; minor bumper damage. Reported after 44 day(s).",44
SYN-10207,Truck,Ashok Leyland,Dost,2024,UP 01 HR 3137,26_04_2022,Tue,Theft,"T Nagar, Noida",Noida,Uttar Pradesh,Two-wheeler stolen; recovered with missing battery and scratches,38660,12621,Comprehensive Plus,Accepted,Own-damage cover active; deductible applied; claim approved,"Theft at T Nagar, Noida. Two-wheeler stolen; recovered with missing battery and scratches. Reported after 14 day(s).",14
SYN-10208,Car,Hyundai,Venue,2020,MH 48 TS 2655,13_12_2024,Fri,Collision,"Andheri East, Pune",Pune,Maharashtra,"Windscreen shattered, dashboard airbag deployed",118949,5408,Essential Third-Party,Denied,Third-party only policy; own-damage not covered,"Collision at Andheri East, Pune. Windscreen shattered, dashboard airbag deployed. Reported after 23 day(s).",23
SYN-10209,Car,Mahindra,XUV700,2017,DL 79 VF 3872,19_12_2025,Fri,Vandalism,"Salt Lake, Delhi",Delhi,Delhi,Windows smashed; stereo removed,30833,35396,Premium Fleet Protect,Denied,Delayed intimation beyond allowed claim window,"Vandalism at Salt Lake, Delhi. Windows smashed; stereo removed. Reported after 35 day(s).",35
SYN-10210,Car,Tata,Punch,2017,DL 79 FP 9129,08_03_2025,Sat,Other,"Andheri East, Delhi",Delhi,Delhi,Garage mishandling; new scratches on rear quarter panel,109034,25938,Comprehensive Plus,Accepted,Surveyor confirmed repair estimate within IDV limits,"Other at Andheri East, Delhi. Garage mishandling; new scratches on rear quarter panel. Reported after 2 day(s).",2
SYN-10211,Car,Maruti,WagonR,2018,TN 09 JV 1020,24_01_2022,Mon,Collision,"Saket, Coimbatore",Coimbatore,Tamil Nadu,"Front bumper cracked, headlamp broken, bonnet dented",66540,36001,Premium Fleet Protect,Accepted,Invoice from authorized garage; amount verified,"Collision at Saket, Coimbatore. Front bumper cracked, headlamp broken, bonnet dented. Reported after 16 day(s).",16
SYN-10212,Car,BMW,3 Series,2021,DL 21 LV 1547,27_07_2022,Wed,Collision,"Salt Lake, Delhi",Delhi,Delhi,"Front left fender damaged, alloy scratched after hitting divider",57197,20946,Comprehensive Plus,Denied,Suspected pre-existing damage / wear and tear exclusion,"Collision at Salt Lake, Delhi. Front left fender damaged, alloy scratched after hitting divider. Reported after 30 day(s).",30
SYN-10213,Car,Mahindra,XUV700,2019,MH 79 XT 8066,10_07_2022,Sun,Collision,"Mahim, Thane",Thane,Maharashtra,"Front left fender damaged, alloy scratched after hitting divider",79702,5114,Essential Third-Party,Denied,Third-party only policy; own-damage not covered,"Collision at Mahim, Thane. Front left fender damaged, alloy scratched after hitting divider. Reported after 21 day(s).",21
SYN-10214,Truck,Ashok Leyland,Dost,2024,GJ 94 NS 5872,28_11_2025,Fri,Collision,"Koramangala, Ahmedabad",Ahmedabad,Gujarat,"Driver side door dent, side mirror broken, paint scratches",122290,6056,Essential Third-Party,Denied,Third-party only policy; own-damage not covered,"Collision at Koramangala, Ahmedabad. Driver side door dent, side mirror broken, paint scratches. Reported after 35 day(s).",35
SYN-10215,Car,Maruti,Baleno,2021,MP 38 VR 8869,25_05_2024,Sat,Vandalism,"Sector 18, Indore",Indore,Madhya Pradesh,Paint keying across driver door and rear panel,8500,7455,Essential Third-Party,Denied,Third-party only policy; own-damage not covered,"Vandalism at Sector 18, Indore. Paint keying across driver door and rear panel. Reported after 5 day(s).",5
SYN-10216,Car,Maruti,Swift,2018,DL 34 CN 4029,24_09_2023,Sun,Collision,"Ring Road, Delhi",Delhi,Delhi,"Front bumper cracked, headlamp broken, bonnet dented",23139,25824,Comprehensive Plus,Accepted,Invoice from authorized garage; amount verified,"Collision at Ring Road, Delhi. Front bumper cracked, headlamp broken, bonnet dented. Reported after 25 day(s).",25
SYN-10217,Car,Toyota,Innova,2020,DL 97 TC 6632,11_09_2026,Fri,Collision,"Park Street, Delhi",Delhi,Delhi,"Front left fender damaged, alloy scratched after hitting divider",37654,16315,Comprehensive Plus,Denied,Suspected pre-existing damage / wear and tear exclusion,"Collision at Park Street, Delhi. Front left fender damaged, alloy scratched after hitting divider. Reported after 17 day(s).",17
SYN-10218,Scooter,Yamaha,Fascino,2024,HR 61 GK 1568,08_11_2025,Sat,Collision,"Sector 18, Gurgaon",Gurgaon,Haryana,"Front left fender damaged, alloy scratched after hitting divider",19047,38717,Premium Fleet Protect,Accepted,Police FIR attached; theft claim within policy terms,"Collision at Sector 18, Gurgaon. Front left fender damaged, alloy scratched after hitting divider. Reported after 30 day(s).",30
SYN-10219,Car,Hyundai,Creta,2016,GJ 11 ZL 3422,29_03_2022,Tue,Other,"Koramangala, Surat",Surat,Gujarat,Parking scrape against pillar; minor bumper damage,24539,6078,Essential Third-Party,Denied,Third-party only policy; own-damage not covered,"Other at Koramangala, Surat. Parking scrape against pillar; minor bumper damage. Reported after 27 day(s).",27
SYN-10220,Scooter,Suzuki,Access,2020,MH 90 RN 7874,30_11_2024,Sat,Collision,"Mahim, Nagpur",Nagpur,Maharashtra,"Front left fender damaged, alloy scratched after hitting divider",10550,35686,Premium Fleet Protect,Denied,Damage pattern inconsistent with stated cause,"Collision at Mahim, Nagpur. Front left fender damaged, alloy scratched after hitting divider. Reported after 29 day(s).",29
SYN-10221,Car,Hyundai,Creta,2017,MP 45 XG 8955,09_08_2023,Wed,Theft,"MG Road, Indore",Indore,Madhya Pradesh,Vehicle stolen from residential parking; recovered with ignition damage,110989,5327,Essential Third-Party,Denied,Third-party only policy; own-damage not covered,"Theft at MG Road, Indore. Vehicle stolen from residential parking; recovered with ignition damage. Reported after 34 day(s).",34
SYN-10222,Bike,TVS,Apache,2015,DL 96 LG 7102,21_03_2024,Thu,Collision,"Baner, Delhi",Delhi,Delhi,Multiple panel dents after multi-vehicle pile-up,4541,38163,Premium Fleet Protect,Denied,Damage pattern inconsistent with stated cause,"Collision at Baner, Delhi. Multiple panel dents after multi-vehicle pile-up. Reported after 21 day(s).",21
SYN-10223,Car,Tata,Punch,2019,KA 42 GK 2462,08_09_2023,Fri,Vandalism,"T Nagar, Bengaluru",Bengaluru,Karnataka,Tyres slashed; side mirror broken,25614,6367,Essential Third-Party,Denied,Third-party only policy; own-damage not covered,"Vandalism at T Nagar, Bengaluru. Tyres slashed; side mirror broken. Reported after 28 day(s).",28
SYN-10224,Car,Honda,City,2021,WB 18 UN 1474,30_09_2023,Sat,Vandalism,"Adyar, Kolkata",Kolkata,West Bengal,Paint keying across driver door and rear panel,16600,30209,Premium Fleet Protect,Denied,Delayed intimation beyond allowed claim window,"Vandalism at Adyar, Kolkata. Paint keying across driver door and rear panel. Reported after 45 day(s).",45
SYN-10225,Car,Honda,City,2015,HR 16 SF 9008,25_01_2024,Thu,Collision,"Bandra West, Gurgaon",Gurgaon,Haryana,"Driver side door dent, side mirror broken, paint scratches",43910,31524,Premium Fleet Protect,Accepted,Invoice from authorized garage; amount verified,"Collision at Bandra West, Gurgaon. Driver side door dent, side mirror broken, paint scratches. Reported after 29 day(s).",29
SYN-10226,Bike,Honda,Activa,2022,MP 74 UE 4626,07_08_2023,Mon,Collision,"Sector 18, Indore",Indore,Madhya Pradesh,"Rear bumper smashed, tail light damaged, trunk lid bent",7923,24270,Comprehensive Plus,Accepted,Police FIR attached; theft claim within policy terms,"Collision at Sector 18, Indore. Rear bumper smashed, tail light damaged, trunk lid bent. Reported after 1 day(s).",1
SYN-10227,Bike,Yamaha,R15,2018,KA 29 FV 6004,28_09_2022,Wed,Collision,"Ring Road, Bengaluru",Bengaluru,Karnataka,"Front bumper cracked, headlamp broken, bonnet dented",33070,25291,Premium Fleet Protect,Accepted,Damage consistent with reported incident and policy covers this peril,"Collision at Ring Road, Bengaluru. Front bumper cracked, headlamp broken, bonnet dented. Reported after 41 day(s).",41
SYN-10228,Bike,Yamaha,R15,2025,KA 75 CM 7131,13_08_2024,Tue,Other,"Salt Lake, Bengaluru",Bengaluru,Karnataka,Animal hit on highway; front grille damaged,16300,16128,Comprehensive Plus,Denied,Incident date outside policy period,"Other at Salt Lake, Bengaluru. Animal hit on highway; front grille damaged. Reported after 19 day(s).",19
SYN-10229,Bike,Royal Enfield,Classic 350,2024,KA 36 GT 5895,04_08_2025,Mon,Weather,"Connaught Place, Mysuru",Mysuru,Karnataka,Cyclone-related panel dents and broken glass,20119,7254,Essential Third-Party,Denied,Third-party only policy; own-damage not covered,"Weather at Connaught Place, Mysuru. Cyclone-related panel dents and broken glass. Reported after 20 day(s).",20
SYN-10230,Car,Honda,Amaze,2015,MP 52 JA 4111,15_10_2024,Tue,Weather,"Banjara Hills, Bhopal",Bhopal,Madhya Pradesh,Flood water entered cabin; electrical short suspected,93904,25834,Premium Fleet Protect,Accepted,Own-damage cover active; deductible applied; claim approved,"Weather at Banjara Hills, Bhopal. Flood water entered cabin; electrical short suspected. Reported after 18 day(s).",18
SYN-10231,Car,Honda,Amaze,2025,UP 38 CC 5237,28_09_2026,Mon,Vandalism,"Ring Road, Lucknow",Lucknow,Uttar Pradesh,Tyres slashed; side mirror broken,47347,20311,Comprehensive Plus,Denied,Suspected pre-existing damage / wear and tear exclusion,"Vandalism at Ring Road, Lucknow. Tyres slashed; side mirror broken. Reported after 10 day(s).",10
SYN-10232,Bike,Royal Enfield,Classic 350,2017,CH 38 LC 1879,11_05_2024,Sat,Weather,"Saket, Chandigarh",Chandigarh,Chandigarh,Flood water entered cabin; electrical short suspected,22125,15659,Comprehensive Plus,Accepted,Weather-related loss covered under comprehensive plan,"Weather at Saket, Chandigarh. Flood water entered cabin; electrical short suspected. Reported after 21 day(s).",21
SYN-10233,Scooter,Ather,450X,2024,MP 20 DE 7704,21_02_2024,Wed,Collision,"Mahim, Bhopal",Bhopal,Madhya Pradesh,"Rear bumper smashed, tail light damaged, trunk lid bent",23805,28926,Premium Fleet Protect,Accepted,Damage consistent with reported incident and policy covers this peril,"Collision at Mahim, Bhopal. Rear bumper smashed, tail light damaged, trunk lid bent. Reported after 33 day(s).",33
SYN-10234,Truck,Eicher,Pro 2049,2017,TN 01 LE 3762,29_12_2022,Thu,Collision,"Outer Ring Road, Chennai",Chennai,Tamil Nadu,"Front bumper cracked, headlamp broken, bonnet dented",180421,17449,Comprehensive Plus,Denied,Garage invoice amount exceeds surveyor estimate significantly,"Collision at Outer Ring Road, Chennai. Front bumper cracked, headlamp broken, bonnet dented. Reported after 20 day(s).",20
SYN-10235,Bike,Honda,Activa,2022,MH 26 TY 6279,25_02_2024,Sun,Theft,"Whitefield, Nagpur",Nagpur,Maharashtra,Catalytic converter / parts theft; underbody damage,33286,19029,Comprehensive Plus,Denied,Missing FIR for theft claim,"Theft at Whitefield, Nagpur. Catalytic converter / parts theft; underbody damage. Reported after 0 day(s).",0
SYN-10236,Bike,Royal Enfield,Classic 350,2018,MH 76 HB 1749,02_10_2023,Mon,Collision,"Highway NH48, Mumbai",Mumbai,Maharashtra,"Windscreen shattered, dashboard airbag deployed",24567,6353,Essential Third-Party,Accepted,Weather-related loss covered under comprehensive plan,"Collision at Highway NH48, Mumbai. Windscreen shattered, dashboard airbag deployed. Reported after 8 day(s).",8
SYN-10237,Car,Tata,Punch,2022,RJ 03 FT 3149,30_09_2024,Mon,Theft,"Civil Lines, Jaipur",Jaipur,Rajasthan,Catalytic converter / parts theft; underbody damage,52922,29384,Premium Fleet Protect,Accepted,Own-damage cover active; deductible applied; claim approved,"Theft at Civil Lines, Jaipur. Catalytic converter / parts theft; underbody damage. Reported after 22 day(s).",22
SYN-10238,Car,Maruti,Swift,2024,RJ 80 BZ 2771,01_12_2026,Tue,Collision,"Koramangala, Jaipur",Jaipur,Rajasthan,"Windscreen shattered, dashboard airbag deployed",57177,26224,Premium Fleet Protect,Accepted,Weather-related loss covered under comprehensive plan,"Collision at Koramangala, Jaipur. Windscreen shattered, dashboard airbag deployed. Reported after 40 day(s).",40
SYN-10239,Bike,Hero,Splendor,2015,MH 81 AK 2654,08_12_2025,Mon,Collision,"Salt Lake, Thane",Thane,Maharashtra,"Front bumper cracked, headlamp broken, bonnet dented",33090,33281,Premium Fleet Protect,Accepted,Invoice from authorized garage; amount verified,"Collision at Salt Lake, Thane. Front bumper cracked, headlamp broken, bonnet dented. Reported after 9 day(s).",9
SYN-10240,Bike,Bajaj,Pulsar,2024,MP 26 UW 4304,22_08_2022,Mon,Collision,"Outer Ring Road, Bhopal",Bhopal,Madhya Pradesh,"Front bumper cracked, headlamp broken, bonnet dented",20527,28857,Premium Fleet Protect,Accepted,Weather-related loss covered under comprehensive plan,"Collision at Outer Ring Road, Bhopal. Front bumper cracked, headlamp broken, bonnet dented. Reported after 6 day(s).",6
SYN-10241,Car,Kia,Seltos,2019,DL 12 XW 9095,26_04_2023,Wed,Theft,"Bandra West, Delhi",Delhi,Delhi,Two-wheeler stolen; recovered with missing battery and scratches,51332,40750,Premium Fleet Protect,Denied,Missing FIR for theft claim,"Theft at Bandra West, Delhi. Two-wheeler stolen; recovered with missing battery and scratches. Reported after 0 day(s).",0
SYN-10242,Car,Maruti,WagonR,2023,MH 07 CE 1646,25_06_2023,Sun,Other,"Powai, Nagpur",Nagpur,Maharashtra,Garage mishandling; new scratches on rear quarter panel,46800,8241,Essential Third-Party,Denied,Third-party only policy; own-damage not covered,"Other at Powai, Nagpur. Garage mishandling; new scratches on rear quarter panel. Reported after 29 day(s).",29
SYN-10243,Scooter,Suzuki,Access,2025,TN 22 HX 5395,20_09_2025,Sat,Weather,"Salt Lake, Chennai",Chennai,Tamil Nadu,Hail damage on roof and bonnet,6034,4579,Essential Third-Party,Denied,Third-party only policy; own-damage not covered,"Weather at Salt Lake, Chennai. Hail damage on roof and bonnet. Reported after 41 day(s).",41
SYN-10244,Scooter,Honda,Activa 6G,2020,TN 15 DT 3611,13_11_2025,Thu,Collision,"Koramangala, Chennai",Chennai,Tamil Nadu,"Front left fender damaged, alloy scratched after hitting divider",14139,16453,Comprehensive Plus,Denied,Suspected pre-existing damage / wear and tear exclusion,"Collision at Koramangala, Chennai. Front left fender damaged, alloy scratched after hitting divider. Reported after 30 day(s).",30
SYN-10245,Car,Mercedes,C-Class,2024,CH 94 ZD 8997,02_11_2026,Mon,Collision,"Park Street, Chandigarh",Chandigarh,Chandigarh,"Front left fender damaged, alloy scratched after hitting divider",11777,22016,Comprehensive Plus,Denied,Delayed intimation beyond allowed claim window,"Collision at Park Street, Chandigarh. Front left fender damaged, alloy scratched after hitting divider. Reported after 43 day(s).",43
SYN-10246,Car,Kia,Seltos,2022,MH 29 ZS 6542,03_03_2026,Tue,Collision,"Mahim, Pune",Pune,Maharashtra,"Driver side door dent, side mirror broken, paint scratches",108601,8799,Essential Third-Party,Denied,Third-party only policy; own-damage not covered,"Collision at Mahim, Pune. Driver side door dent, side mirror broken, paint scratches. Reported after 36 day(s).",36
SYN-10247,Car,Hyundai,i20,2021,CH 79 BR 3571,15_09_2026,Tue,Collision,"Hinjewadi, Chandigarh",Chandigarh,Chandigarh,"Windscreen shattered, dashboard airbag deployed",27484,37611,Premium Fleet Protect,Denied,Delayed intimation beyond allowed claim window,"Collision at Hinjewadi, Chandigarh. Windscreen shattered, dashboard airbag deployed. Reported after 35 day(s).",35
SYN-10248,Car,Mercedes,C-Class,2022,DL 29 NJ 4850,14_04_2022,Thu,Weather,"Mahim, Delhi",Delhi,Delhi,Tree branch fell on roof during storm,44458,7210,Essential Third-Party,Denied,Third-party only policy; own-damage not covered,"Weather at Mahim, Delhi. Tree branch fell on roof during storm. Reported after 32 day(s).",32
SYN-10249,Car,BMW,3 Series,2024,GJ 52 KN 1002,07_03_2026,Sat,Vandalism,"Mahim, Surat",Surat,Gujarat,Windows smashed; stereo removed,73191,13944,Comprehensive Plus,Denied,Delayed intimation beyond allowed claim window,"Vandalism at Mahim, Surat. Windows smashed; stereo removed. Reported after 41 day(s).",41
SYN-10250,Scooter,Ather,450X,2024,KL 29 WH 8751,15_01_2024,Mon,Other,"Connaught Place, Kochi",Kochi,Kerala,Garage mishandling; new scratches on rear quarter panel,12669,8237,Essential Third-Party,Denied,Third-party only policy; own-damage not covered,"Other at Connaught Place, Kochi. Garage mishandling; new scratches on rear quarter panel. Reported after 3 day(s).",3
SYN-10251,Bike,Bajaj,Pulsar,2022,MH 38 NJ 2741,27_08_2026,Thu,Weather,"Powai, Thane",Thane,Maharashtra,Flood water entered cabin; electrical short suspected,25274,7296,Essential Third-Party,Denied,Third-party only policy; own-damage not covered,"Weather at Powai, Thane. Flood water entered cabin; electrical short suspected. Reported after 40 day(s).",40
SYN-10252,Car,Hyundai,Venue,2022,MH 16 YK 8488,06_02_2023,Mon,Weather,"Outer Ring Road, Nashik",Nashik,Maharashtra,Cyclone-related panel dents and broken glass,88065,6583,Essential Third-Party,Denied,Third-party only policy; own-damage not covered,"Weather at Outer Ring Road, Nashik. Cyclone-related panel dents and broken glass. Reported after 12 day(s).",12
SYN-10253,Scooter,TVS,Jupiter,2020,MH 65 DM 9689,01_05_2026,Fri,Collision,"Salt Lake, Thane",Thane,Maharashtra,"Windscreen shattered, dashboard airbag deployed",5537,44294,Premium Fleet Protect,Accepted,Weather-related loss covered under comprehensive plan,"Collision at Salt Lake, Thane. Windscreen shattered, dashboard airbag deployed. Reported after 28 day(s).",28
SYN-10254,Bike,Royal Enfield,Classic 350,2021,MP 77 PH 7302,05_02_2026,Thu,Other,"T Nagar, Indore",Indore,Madhya Pradesh,Parking scrape against pillar; minor bumper damage,13380,43958,Premium Fleet Protect,Accepted,Invoice from authorized garage; amount verified,"Other at T Nagar, Indore. Parking scrape against pillar; minor bumper damage. Reported after 8 day(s).",8
SYN-10255,Car,Honda,Amaze,2019,TS 96 MW 9975,18_05_2025,Sun,Other,"Saket, Hyderabad",Hyderabad,Telangana,Animal hit on highway; front grille damaged,62099,5631,Essential Third-Party,Denied,Third-party only policy; own-damage not covered,"Other at Saket, Hyderabad. Animal hit on highway; front grille damaged. Reported after 44 day(s).",44
SYN-10256,Scooter,Ather,450X,2025,UP 65 NR 2890,09_10_2025,Thu,Collision,"Indiranagar, Noida",Noida,Uttar Pradesh,"Windscreen shattered, dashboard airbag deployed",12814,23249,Comprehensive Plus,Denied,Suspected pre-existing damage / wear and tear exclusion,"Collision at Indiranagar, Noida. Windscreen shattered, dashboard airbag deployed. Reported after 8 day(s).",8
SYN-10257,Bike,Royal Enfield,Classic 350,2022,MP 04 JB 1927,03_12_2026,Thu,Other,"MG Road, Indore",Indore,Madhya Pradesh,Garage mishandling; new scratches on rear quarter panel,20738,23046,Comprehensive Plus,Denied,Damage pattern inconsistent with stated cause,"Other at MG Road, Indore. Garage mishandling; new scratches on rear quarter panel. Reported after 27 day(s).",27
SYN-10258,Car,Hyundai,Venue,2019,CH 14 RS 4675,24_03_2026,Tue,Collision,"Baner, Chandigarh",Chandigarh,Chandigarh,"Front bumper cracked, headlamp broken, bonnet dented",34738,34671,Premium Fleet Protect,Accepted,Own-damage cover active; deductible applied; claim approved,"Collision at Baner, Chandigarh. Front bumper cracked, headlamp broken, bonnet dented. Reported after 34 day(s).",34
SYN-10259,Bike,Royal Enfield,Classic 350,2021,HR 41 ZB 5117,21_02_2024,Wed,Vandalism,"Adyar, Gurgaon",Gurgaon,Haryana,Tyres slashed; side mirror broken,5078,23353,Comprehensive Plus,Accepted,Invoice from authorized garage; amount verified,"Vandalism at Adyar, Gurgaon. Tyres slashed; side mirror broken. Reported after 24 day(s).",24
SYN-10260,Car,BMW,3 Series,2018,KL 38 LZ 2220,20_05_2025,Tue,Weather,"Outer Ring Road, Kochi",Kochi,Kerala,Tree branch fell on roof during storm,104790,42911,Premium Fleet Protect,Denied,Suspected pre-existing damage / wear and tear exclusion,"Weather at Outer Ring Road, Kochi. Tree branch fell on roof during storm. Reported after 12 day(s).",12
SYN-10261,Car,Hyundai,Venue,2023,MH 01 HT 3536,26_11_2022,Sat,Collision,"Banjara Hills, Thane",Thane,Maharashtra,"Driver side door dent, side mirror broken, paint scratches",25048,33658,Premium Fleet Protect,Denied,Delayed intimation beyond allowed claim window,"Collision at Banjara Hills, Thane. Driver side door dent, side mirror broken, paint scratches. Reported after 37 day(s).",37
SYN-10262,Car,Mahindra,XUV700,2024,MH 91 HF 4012,31_01_2025,Fri,Theft,"Ring Road, Pune",Pune,Maharashtra,"Break-in attempt; door lock forced, interior vandalized",83061,24941,Comprehensive Plus,Denied,Missing FIR for theft claim,"Theft at Ring Road, Pune. Break-in attempt; door lock forced, interior vandalized. Reported after 22 day(s).",22
SYN-10263,Car,Hyundai,Venue,2021,UP 28 YR 8780,11_11_2023,Sat,Collision,"Sector 18, Lucknow",Lucknow,Uttar Pradesh,"Driver side door dent, side mirror broken, paint scratches",94944,6247,Essential Third-Party,Denied,Third-party only policy; own-damage not covered,"Collision at Sector 18, Lucknow. Driver side door dent, side mirror broken, paint scratches. Reported after 21 day(s).",21
SYN-10264,Truck,Tata,Ace,2016,CH 50 FT 1404,29_10_2025,Wed,Collision,"Gachibowli, Chandigarh",Chandigarh,Chandigarh,"Windscreen shattered, dashboard airbag deployed",25453,32989,Premium Fleet Protect,Accepted,Damage consistent with reported incident and policy covers this peril,"Collision at Gachibowli, Chandigarh. Windscreen shattered, dashboard airbag deployed. Reported after 20 day(s).",20
SYN-10265,Scooter,Suzuki,Access,2023,RJ 99 NA 2072,18_11_2024,Mon,Collision,"Park Street, Jaipur",Jaipur,Rajasthan,"Driver side door dent, side mirror broken, paint scratches",11996,31308,Premium Fleet Protect,Denied,Suspected pre-existing damage / wear and tear exclusion,"Collision at Park Street, Jaipur. Driver side door dent, side mirror broken, paint scratches. Reported after 5 day(s).",5
SYN-10266,Car,Honda,City,2025,GJ 04 LH 2433,31_07_2026,Fri,Collision,"Powai, Ahmedabad",Ahmedabad,Gujarat,"Windscreen shattered, dashboard airbag deployed",92746,39261,Premium Fleet Protect,Accepted,Police FIR attached; theft claim within policy terms,"Collision at Powai, Ahmedabad. Windscreen shattered, dashboard airbag deployed. Reported after 4 day(s).",4
SYN-10267,Car,Hyundai,Venue,2019,UP 50 SN 2036,12_07_2024,Fri,Theft,"Mahim, Lucknow",Lucknow,Uttar Pradesh,Two-wheeler stolen; recovered with missing battery and scratches,58860,18678,Comprehensive Plus,Denied,Delayed intimation beyond allowed claim window,"Theft at Mahim, Lucknow. Two-wheeler stolen; recovered with missing battery and scratches. Reported after 40 day(s).",40
SYN-10268,Bike,Royal Enfield,Classic 350,2015,MH 49 KS 8765,27_05_2025,Tue,Other,"Gachibowli, Nagpur",Nagpur,Maharashtra,Parking scrape against pillar; minor bumper damage,21749,24892,Comprehensive Plus,Accepted,Own-damage cover active; deductible applied; claim approved,"Other at Gachibowli, Nagpur. Parking scrape against pillar; minor bumper damage. Reported after 5 day(s).",5
SYN-10269,Car,Honda,Amaze,2017,TS 02 NN 3019,22_12_2026,Tue,Collision,"Sector 18, Hyderabad",Hyderabad,Telangana,"Windscreen shattered, dashboard airbag deployed",96773,6941,Essential Third-Party,Denied,Third-party only policy; own-damage not covered,"Collision at Sector 18, Hyderabad. Windscreen shattered, dashboard airbag deployed. Reported after 41 day(s).",41
SYN-10270,Car,Toyota,Innova,2023,UP 19 DF 5140,25_04_2024,Thu,Collision,"Mahim, Lucknow",Lucknow,Uttar Pradesh,"Windscreen shattered, dashboard airbag deployed",35752,36267,Premium Fleet Protect,Denied,Delayed intimation beyond allowed claim window,"Collision at Mahim, Lucknow. Windscreen shattered, dashboard airbag deployed. Reported after 41 day(s).",41
SYN-10271,Car,Hyundai,Venue,2025,MP 13 EP 6420,30_05_2022,Mon,Vandalism,"Bandra West, Indore",Indore,Madhya Pradesh,Tyres slashed; side mirror broken,80045,22562,Comprehensive Plus,Denied,Policy lapsed at time of incident,"Vandalism at Bandra West, Indore. Tyres slashed; side mirror broken. Reported after 18 day(s).",18
SYN-10272,Car,Honda,Amaze,2016,KA 89 PP 6971,04_11_2023,Sat,Collision,"Civil Lines, Mysuru",Mysuru,Karnataka,"Rear bumper smashed, tail light damaged, trunk lid bent",67067,19960,Comprehensive Plus,Denied,Delayed intimation beyond allowed claim window,"Collision at Civil Lines, Mysuru. Rear bumper smashed, tail light damaged, trunk lid bent. Reported after 39 day(s).",39
SYN-10273,Scooter,Yamaha,Fascino,2017,MH 43 XL 6877,17_09_2026,Thu,Collision,"Saket, Mumbai",Mumbai,Maharashtra,"Rear bumper smashed, tail light damaged, trunk lid bent",10566,39290,Premium Fleet Protect,Accepted,Invoice from authorized garage; amount verified,"Collision at Saket, Mumbai. Rear bumper smashed, tail light damaged, trunk lid bent. Reported after 23 day(s).",23
SYN-10274,Bike,TVS,Apache,2023,MH 94 BA 9309,08_01_2025,Wed,Theft,"Koramangala, Thane",Thane,Maharashtra,Vehicle stolen from residential parking; recovered with ignition damage,11175,26069,Comprehensive Plus,Denied,Damage pattern inconsistent with stated cause,"Theft at Koramangala, Thane. Vehicle stolen from residential parking; recovered with ignition damage. Reported after 12 day(s).",12
SYN-10275,Bike,Royal Enfield,Classic 350,2024,TS 99 PW 3193,01_09_2025,Mon,Collision,"MG Road, Hyderabad",Hyderabad,Telangana,"Front bumper cracked, headlamp broken, bonnet dented",32939,33539,Premium Fleet Protect,Accepted,Police FIR attached; theft claim within policy terms,"Collision at MG Road, Hyderabad. Front bumper cracked, headlamp broken, bonnet dented. Reported after 9 day(s).",9
SYN-10276,Car,Maruti,WagonR,2021,TN 73 YS 3395,18_11_2024,Mon,Collision,"Adyar, Coimbatore",Coimbatore,Tamil Nadu,"Rear bumper smashed, tail light damaged, trunk lid bent",107248,30434,Premium Fleet Protect,Accepted,Police FIR attached; theft claim within policy terms,"Collision at Adyar, Coimbatore. Rear bumper smashed, tail light damaged, trunk lid bent. Reported after 8 day(s).",8
SYN-10277,Bike,TVS,Apache,2020,MH 86 EX 6918,25_04_2023,Tue,Weather,"Hinjewadi, Pune",Pune,Maharashtra,Flood water entered cabin; electrical short suspected,26211,6665,Essential Third-Party,Denied,Third-party only policy; own-damage not covered,"Weather at Hinjewadi, Pune. Flood water entered cabin; electrical short suspected. Reported after 2 day(s).",2
SYN-10278,Car,BMW,3 Series,2015,MH 49 SJ 2275,28_02_2026,Sat,Collision,"Ring Road, Pune",Pune,Maharashtra,"Windscreen shattered, dashboard airbag deployed",117428,33961,Premium Fleet Protect,Denied,Suspected pre-existing damage / wear and tear exclusion,"Collision at Ring Road, Pune. Windscreen shattered, dashboard airbag deployed. Reported after 16 day(s).",16
SYN-10279,Car,Toyota,Innova,2018,RJ 57 DB 5600,22_12_2026,Tue,Collision,"Banjara Hills, Jaipur",Jaipur,Rajasthan,"Driver side door dent, side mirror broken, paint scratches",71191,24986,Comprehensive Plus,Accepted,Police FIR attached; theft claim within policy terms,"Collision at Banjara Hills, Jaipur. Driver side door dent, side mirror broken, paint scratches. Reported after 38 day(s).",38
SYN-10280,Car,Hyundai,Venue,2017,TN 87 ME 3641,20_07_2026,Mon,Weather,"Civil Lines, Coimbatore",Coimbatore,Tamil Nadu,Hail damage on roof and bonnet,62344,32547,Premium Fleet Protect,Denied,Incident date outside policy period,"Weather at Civil Lines, Coimbatore. Hail damage on roof and bonnet. Reported after 21 day(s).",21
SYN-10281,Bike,TVS,Apache,2015,HR 24 MK 1305,18_03_2025,Tue,Collision,"Bandra West, Gurgaon",Gurgaon,Haryana,Multiple panel dents after multi-vehicle pile-up,4568,5603,Essential Third-Party,Accepted,Surveyor confirmed repair estimate within IDV limits,"Collision at Bandra West, Gurgaon. Multiple panel dents after multi-vehicle pile-up. Reported after 9 day(s).",9
SYN-10282,Scooter,Suzuki,Access,2016,UP 80 SG 6614,28_08_2026,Fri,Theft,"Park Street, Noida",Noida,Uttar Pradesh,Catalytic converter / parts theft; underbody damage,8688,14794,Comprehensive Plus,Denied,Suspected pre-existing damage / wear and tear exclusion,"Theft at Park Street, Noida. Catalytic converter / parts theft; underbody damage. Reported after 26 day(s).",26
SYN-10283,Truck,Tata,Ace,2018,TS 78 CL 1639,02_11_2025,Sun,Collision,"Banjara Hills, Hyderabad",Hyderabad,Telangana,"Front bumper cracked, headlamp broken, bonnet dented",147214,8782,Essential Third-Party,Denied,Third-party only policy; own-damage not covered,"Collision at Banjara Hills, Hyderabad. Front bumper cracked, headlamp broken, bonnet dented. Reported after 26 day(s).",26
SYN-10284,Scooter,Ather,450X,2023,MH 67 KX 9680,06_05_2026,Wed,Collision,"Mahim, Thane",Thane,Maharashtra,"Rear bumper smashed, tail light damaged, trunk lid bent",1539,42671,Premium Fleet Protect,Denied,Delayed intimation beyond allowed claim window,"Collision at Mahim, Thane. Rear bumper smashed, tail light damaged, trunk lid bent. Reported after 43 day(s).",43
SYN-10285,Car,Mercedes,C-Class,2021,TN 11 GX 7695,02_10_2022,Sun,Vandalism,"MG Road, Coimbatore",Coimbatore,Tamil Nadu,Tyres slashed; side mirror broken,63769,28201,Premium Fleet Protect,Accepted,Police FIR attached; theft claim within policy terms,"Vandalism at MG Road, Coimbatore. Tyres slashed; side mirror broken. Reported after 16 day(s).",16
SYN-10286,Car,Maruti,Swift,2015,MP 20 KP 5281,09_11_2025,Sun,Collision,"Adyar, Indore",Indore,Madhya Pradesh,"Front bumper cracked, headlamp broken, bonnet dented",34924,22724,Comprehensive Plus,Accepted,Damage consistent with reported incident and policy covers this peril,"Collision at Adyar, Indore. Front bumper cracked, headlamp broken, bonnet dented. Reported after 20 day(s).",20
SYN-10287,Scooter,Yamaha,Fascino,2024,TN 62 EN 8925,26_04_2024,Fri,Collision,"Civil Lines, Coimbatore",Coimbatore,Tamil Nadu,"Windscreen shattered, dashboard airbag deployed",8174,24369,Comprehensive Plus,Denied,Delayed intimation beyond allowed claim window,"Collision at Civil Lines, Coimbatore. Windscreen shattered, dashboard airbag deployed. Reported after 35 day(s).",35
SYN-10288,Car,Tata,Punch,2024,TN 13 EK 6544,16_04_2023,Sun,Collision,"Outer Ring Road, Coimbatore",Coimbatore,Tamil Nadu,"Rear bumper smashed, tail light damaged, trunk lid bent",106017,28902,Premium Fleet Protect,Denied,Suspected pre-existing damage / wear and tear exclusion,"Collision at Outer Ring Road, Coimbatore. Rear bumper smashed, tail light damaged, trunk lid bent. Reported after 28 day(s).",28
SYN-10289,Scooter,Ather,450X,2025,MH 09 GJ 1618,23_08_2024,Fri,Collision,"Koramangala, Pune",Pune,Maharashtra,"Windscreen shattered, dashboard airbag deployed",6262,5246,Essential Third-Party,Denied,Third-party only policy; own-damage not covered,"Collision at Koramangala, Pune. Windscreen shattered, dashboard airbag deployed. Reported after 38 day(s).",38
SYN-10290,Bike,TVS,Apache,2024,KL 85 YM 4190,18_06_2024,Tue,Collision,"Adyar, Kochi",Kochi,Kerala,Multiple panel dents after multi-vehicle pile-up,34398,5935,Essential Third-Party,Denied,Third-party only policy; own-damage not covered,"Collision at Adyar, Kochi. Multiple panel dents after multi-vehicle pile-up. Reported after 0 day(s).",0
SYN-10291,Car,Honda,Amaze,2024,DL 86 KP 9482,27_06_2022,Mon,Collision,"Highway NH48, Delhi",Delhi,Delhi,"Rear bumper smashed, tail light damaged, trunk lid bent",28636,25009,Premium Fleet Protect,Denied,Policy lapsed at time of incident,"Collision at Highway NH48, Delhi. Rear bumper smashed, tail light damaged, trunk lid bent. Reported after 17 day(s).",17
SYN-10292,Car,Maruti,WagonR,2016,UP 59 YP 5277,21_07_2023,Fri,Weather,"Connaught Place, Lucknow",Lucknow,Uttar Pradesh,Tree branch fell on roof during storm,114891,27782,Comprehensive Plus,Denied,Suspected pre-existing damage / wear and tear exclusion,"Weather at Connaught Place, Lucknow. Tree branch fell on roof during storm. Reported after 14 day(s).",14
SYN-10293,Car,Hyundai,i20,2023,MH 49 NU 6565,24_07_2026,Fri,Collision,"Adyar, Nagpur",Nagpur,Maharashtra,"Front bumper cracked, headlamp broken, bonnet dented",78504,33444,Premium Fleet Protect,Accepted,Own-damage cover active; deductible applied; claim approved,"Collision at Adyar, Nagpur. Front bumper cracked, headlamp broken, bonnet dented. Reported after 36 day(s).",36
SYN-10294,Truck,Eicher,Pro 2049,2025,GJ 29 SF 6172,23_02_2024,Fri,Vandalism,"MG Road, Surat",Surat,Gujarat,Windows smashed; stereo removed,32708,6612,Essential Third-Party,Denied,Third-party only policy; own-damage not covered,"Vandalism at MG Road, Surat. Windows smashed; stereo removed. Reported after 40 day(s).",40
SYN-10295,Car,Mahindra,Scorpio,2023,UP 96 VB 3924,28_03_2024,Thu,Weather,"Andheri East, Lucknow",Lucknow,Uttar Pradesh,Tree branch fell on roof during storm,20190,6853,Essential Third-Party,Denied,Third-party only policy; own-damage not covered,"Weather at Andheri East, Lucknow. Tree branch fell on roof during storm. Reported after 43 day(s).",43
SYN-10296,Car,Mahindra,Scorpio,2018,MP 34 EE 5091,18_02_2026,Wed,Collision,"Baner, Indore",Indore,Madhya Pradesh,"Windscreen shattered, dashboard airbag deployed",73404,31231,Premium Fleet Protect,Accepted,Police FIR attached; theft claim within policy terms,"Collision at Baner, Indore. Windscreen shattered, dashboard airbag deployed. Reported after 12 day(s).",12
SYN-10297,Scooter,Suzuki,Access,2017,MH 62 JH 5501,14_01_2022,Fri,Other,"Powai, Thane",Thane,Maharashtra,Garage mishandling; new scratches on rear quarter panel,21613,41143,Premium Fleet Protect,Denied,Delayed intimation beyond allowed claim window,"Other at Powai, Thane. Garage mishandling; new scratches on rear quarter panel. Reported after 34 day(s).",34
SYN-10298,Car,Tata,Nexon,2021,HR 88 UL 2972,08_03_2022,Tue,Collision,"MG Road, Gurgaon",Gurgaon,Haryana,Multiple panel dents after multi-vehicle pile-up,78879,19836,Comprehensive Plus,Denied,Delayed intimation beyond allowed claim window,"Collision at MG Road, Gurgaon. Multiple panel dents after multi-vehicle pile-up. Reported after 32 day(s).",32
SYN-10299,Bike,TVS,Apache,2020,MH 24 NF 8722,11_01_2024,Thu,Weather,"Andheri East, Mumbai",Mumbai,Maharashtra,Cyclone-related panel dents and broken glass,23327,28301,Premium Fleet Protect,Denied,Delayed intimation beyond allowed claim window,"Weather at Andheri East, Mumbai. Cyclone-related panel dents and broken glass. Reported after 39 day(s).",39
SYN-10300,Truck,Mahindra,Bolero Pickup,2020,DL 74 DP 4744,16_10_2026,Fri,Collision,"T Nagar, Delhi",Delhi,Delhi,"Front left fender damaged, alloy scratched after hitting divider",110703,37199,Premium Fleet Protect,Accepted,Police FIR attached; theft claim within policy terms,"Collision at T Nagar, Delhi. Front left fender damaged, alloy scratched after hitting divider. Reported after 25 day(s).",25
SYN-10301,Scooter,Suzuki,Access,2018,UP 23 KD 9470,09_07_2026,Thu,Vandalism,"Salt Lake, Lucknow",Lucknow,Uttar Pradesh,Paint keying across driver door and rear panel,16998,5725,Essential Third-Party,Denied,Third-party only policy; own-damage not covered,"Vandalism at Salt Lake, Lucknow. Paint keying across driver door and rear panel. Reported after 0 day(s).",0
SYN-10302,Car,Mahindra,XUV700,2022,KA 81 CU 5256,01_12_2022,Thu,Theft,"Baner, Mysuru",Mysuru,Karnataka,Vehicle stolen from residential parking; recovered with ignition damage,98510,13621,Comprehensive Plus,Denied,Garage invoice amount exceeds surveyor estimate significantly,"Theft at Baner, Mysuru. Vehicle stolen from residential parking; recovered with ignition damage. Reported after 3 day(s).",3
SYN-10303,Car,Tata,Nexon,2020,MH 23 ZG 6326,25_03_2025,Tue,Collision,"Salt Lake, Mumbai",Mumbai,Maharashtra,"Windscreen shattered, dashboard airbag deployed",83609,31519,Premium Fleet Protect,Denied,Delayed intimation beyond allowed claim window,"Collision at Salt Lake, Mumbai. Windscreen shattered, dashboard airbag deployed. Reported after 41 day(s).",41
SYN-10304,Bike,TVS,Apache,2022,MH 10 BH 6136,04_08_2025,Mon,Theft,"Banjara Hills, Nagpur",Nagpur,Maharashtra,Catalytic converter / parts theft; underbody damage,12982,29746,Premium Fleet Protect,Denied,Incident date outside policy period,"Theft at Banjara Hills, Nagpur. Catalytic converter / parts theft; underbody damage. Reported after 21 day(s).",21
SYN-10305,Car,Tata,Punch,2019,MP 03 CF 5122,02_12_2024,Mon,Collision,"Ring Road, Bhopal",Bhopal,Madhya Pradesh,"Front left fender damaged, alloy scratched after hitting divider",84928,24253,Comprehensive Plus,Denied,Suspected pre-existing damage / wear and tear exclusion,"Collision at Ring Road, Bhopal. Front left fender damaged, alloy scratched after hitting divider. Reported after 28 day(s).",28
SYN-10306,Truck,Tata,Ace,2018,DL 14 GD 7387,23_02_2022,Wed,Collision,"Banjara Hills, Delhi",Delhi,Delhi,"Front bumper cracked, headlamp broken, bonnet dented",29110,20985,Comprehensive Plus,Accepted,Damage consistent with reported incident and policy covers this peril,"Collision at Banjara Hills, Delhi. Front bumper cracked, headlamp broken, bonnet dented. Reported after 25 day(s).",25
SYN-10307,Car,Honda,Amaze,2019,GJ 42 WL 9856,20_09_2025,Sat,Collision,"Ring Road, Surat",Surat,Gujarat,Multiple panel dents after multi-vehicle pile-up,12607,4734,Essential Third-Party,Denied,Third-party only policy; own-damage not covered,"Collision at Ring Road, Surat. Multiple panel dents after multi-vehicle pile-up. Reported after 22 day(s).",22
SYN-10308,Truck,Eicher,Pro 2049,2017,UP 62 NV 8239,08_12_2024,Sun,Theft,"Koramangala, Lucknow",Lucknow,Uttar Pradesh,Catalytic converter / parts theft; underbody damage,129026,43480,Premium Fleet Protect,Accepted,Surveyor confirmed repair estimate within IDV limits,"Theft at Koramangala, Lucknow. Catalytic converter / parts theft; underbody damage. Reported after 40 day(s).",40
SYN-10309,Car,Kia,Seltos,2019,MH 63 YL 1149,18_08_2024,Sun,Collision,"Connaught Place, Nashik",Nashik,Maharashtra,Multiple panel dents after multi-vehicle pile-up,45586,7317,Essential Third-Party,Denied,Third-party only policy; own-damage not covered,"Collision at Connaught Place, Nashik. Multiple panel dents after multi-vehicle pile-up. Reported after 34 day(s).",34
SYN-10310,Bike,Bajaj,Pulsar,2024,HR 95 RW 4614,19_03_2024,Tue,Theft,"Andheri East, Gurgaon",Gurgaon,Haryana,Two-wheeler stolen; recovered with missing battery and scratches,30646,26453,Comprehensive Plus,Denied,Missing FIR for theft claim,"Theft at Andheri East, Gurgaon. Two-wheeler stolen; recovered with missing battery and scratches. Reported after 15 day(s).",15
SYN-10311,Car,Kia,Seltos,2025,HR 24 DC 8460,25_12_2024,Wed,Weather,"Adyar, Gurgaon",Gurgaon,Haryana,Tree branch fell on roof during storm,105376,22624,Comprehensive Plus,Denied,Damage pattern inconsistent with stated cause,"Weather at Adyar, Gurgaon. Tree branch fell on roof during storm. Reported after 17 day(s).",17
SYN-10312,Bike,Bajaj,Pulsar,2024,WB 92 LA 2477,16_01_2023,Mon,Collision,"Indiranagar, Kolkata",Kolkata,West Bengal,"Rear bumper smashed, tail light damaged, trunk lid bent",3450,8882,Essential Third-Party,Accepted,Police FIR attached; theft claim within policy terms,"Collision at Indiranagar, Kolkata. Rear bumper smashed, tail light damaged, trunk lid bent. Reported after 6 day(s).",6
SYN-10313,Car,Mercedes,C-Class,2018,TN 97 YB 7429,09_06_2026,Tue,Collision,"Salt Lake, Chennai",Chennai,Tamil Nadu,"Front left fender damaged, alloy scratched after hitting divider",99348,19597,Comprehensive Plus,Denied,Garage invoice amount exceeds surveyor estimate significantly,"Collision at Salt Lake, Chennai. Front left fender damaged, alloy scratched after hitting divider. Reported after 2 day(s).",2
SYN-10314,Car,Mercedes,C-Class,2017,UP 32 TA 8550,29_04_2026,Wed,Vandalism,"Baner, Noida",Noida,Uttar Pradesh,Paint keying across driver door and rear panel,58436,6539,Essential Third-Party,Denied,Third-party only policy; own-damage not covered,"Vandalism at Baner, Noida. Paint keying across driver door and rear panel. Reported after 28 day(s).",28
SYN-10315,Bike,Hero,Splendor,2023,CH 96 YM 5150,21_11_2022,Mon,Collision,"Indiranagar, Chandigarh",Chandigarh,Chandigarh,"Windscreen shattered, dashboard airbag deployed",23172,27338,Comprehensive Plus,Denied,Delayed intimation beyond allowed claim window,"Collision at Indiranagar, Chandigarh. Windscreen shattered, dashboard airbag deployed. Reported after 40 day(s).",40
SYN-10316,Car,Tata,Punch,2018,TN 02 DG 2960,08_06_2024,Sat,Vandalism,"Bandra West, Coimbatore",Coimbatore,Tamil Nadu,Paint keying across driver door and rear panel,90956,6433,Essential Third-Party,Denied,Third-party only policy; own-damage not covered,"Vandalism at Bandra West, Coimbatore. Paint keying across driver door and rear panel. Reported after 20 day(s).",20
SYN-10317,Car,Honda,Amaze,2015,MH 12 SH 1983,31_01_2024,Wed,Vandalism,"MG Road, Pune",Pune,Maharashtra,Windows smashed; stereo removed,28315,44536,Premium Fleet Protect,Accepted,Own-damage cover active; deductible applied; claim approved,"Vandalism at MG Road, Pune. Windows smashed; stereo removed. Reported after 5 day(s).",5
SYN-10318,Car,Hyundai,Creta,2023,MH 46 TF 1646,17_06_2024,Mon,Collision,"Whitefield, Thane",Thane,Maharashtra,"Driver side door dent, side mirror broken, paint scratches",113581,36380,Premium Fleet Protect,Accepted,Own-damage cover active; deductible applied; claim approved,"Collision at Whitefield, Thane. Driver side door dent, side mirror broken, paint scratches. Reported after 12 day(s).",12
SYN-10319,Car,BMW,3 Series,2023,KA 77 YN 2128,14_12_2023,Thu,Weather,"Sector 18, Mysuru",Mysuru,Karnataka,Flood water entered cabin; electrical short suspected,79253,31115,Premium Fleet Protect,Denied,Policy lapsed at time of incident,"Weather at Sector 18, Mysuru. Flood water entered cabin; electrical short suspected. Reported after 20 day(s).",20
SYN-10320,Car,BMW,3 Series,2019,KA 80 FT 9830,11_02_2026,Wed,Collision,"Sector 18, Bengaluru",Bengaluru,Karnataka,"Front bumper cracked, headlamp broken, bonnet dented",57681,41579,Premium Fleet Protect,Denied,Policy lapsed at time of incident,"Collision at Sector 18, Bengaluru. Front bumper cracked, headlamp broken, bonnet dented. Reported after 11 day(s).",11
SYN-10321,Scooter,TVS,Jupiter,2023,CH 67 SB 3126,19_04_2024,Fri,Weather,"T Nagar, Chandigarh",Chandigarh,Chandigarh,Flood water entered cabin; electrical short suspected,12070,34277,Premium Fleet Protect,Accepted,Damage consistent with reported incident and policy covers this peril,"Weather at T Nagar, Chandigarh. Flood water entered cabin; electrical short suspected. Reported after 41 day(s).",41
SYN-10322,Car,Maruti,Baleno,2018,MH 76 FJ 2161,30_09_2024,Mon,Collision,"T Nagar, Thane",Thane,Maharashtra,"Front bumper cracked, headlamp broken, bonnet dented",94235,37733,Premium Fleet Protect,Denied,Delayed intimation beyond allowed claim window,"Collision at T Nagar, Thane. Front bumper cracked, headlamp broken, bonnet dented. Reported after 33 day(s).",33
SYN-10323,Car,Honda,City,2025,WB 91 BR 9667,03_03_2026,Tue,Collision,"Mahim, Kolkata",Kolkata,West Bengal,"Windscreen shattered, dashboard airbag deployed",81140,7456,Essential Third-Party,Denied,Third-party only policy; own-damage not covered,"Collision at Mahim, Kolkata. Windscreen shattered, dashboard airbag deployed. Reported after 26 day(s).",26
SYN-10324,Car,Maruti,WagonR,2019,MH 25 NF 3931,29_02_2024,Thu,Other,"Indiranagar, Nagpur",Nagpur,Maharashtra,Parking scrape against pillar; minor bumper damage,77685,6392,Essential Third-Party,Denied,Third-party only policy; own-damage not covered,"Other at Indiranagar, Nagpur. Parking scrape against pillar; minor bumper damage. Reported after 12 day(s).",12
SYN-10325,Bike,Royal Enfield,Classic 350,2021,MH 21 NP 6772,08_12_2022,Thu,Theft,"Ring Road, Thane",Thane,Maharashtra,Catalytic converter / parts theft; underbody damage,8822,38994,Premium Fleet Protect,Accepted,Invoice from authorized garage; amount verified,"Theft at Ring Road, Thane. Catalytic converter / parts theft; underbody damage. Reported after 11 day(s).",11
SYN-10326,Scooter,Ather,450X,2020,TN 49 UY 5162,08_05_2023,Mon,Weather,"Salt Lake, Coimbatore",Coimbatore,Tamil Nadu,Cyclone-related panel dents and broken glass,21436,35598,Premium Fleet Protect,Denied,Delayed intimation beyond allowed claim window,"Weather at Salt Lake, Coimbatore. Cyclone-related panel dents and broken glass. Reported after 36 day(s).",36
SYN-10327,Car,BMW,3 Series,2022,TS 28 WA 5521,04_10_2022,Tue,Weather,"Andheri East, Hyderabad",Hyderabad,Telangana,Tree branch fell on roof during storm,75844,25534,Premium Fleet Protect,Accepted,Police FIR attached; theft claim within policy terms,"Weather at Andheri East, Hyderabad. Tree branch fell on roof during storm. Reported after 19 day(s).",19
SYN-10328,Scooter,Ather,450X,2023,MP 32 FV 2505,11_10_2022,Tue,Collision,"MG Road, Indore",Indore,Madhya Pradesh,"Front bumper cracked, headlamp broken, bonnet dented",6615,17827,Comprehensive Plus,Accepted,Weather-related loss covered under comprehensive plan,"Collision at MG Road, Indore. Front bumper cracked, headlamp broken, bonnet dented. Reported after 16 day(s).",16
SYN-10329,Bike,Royal Enfield,Classic 350,2018,MH 74 JU 6478,04_05_2025,Sun,Vandalism,"Saket, Nagpur",Nagpur,Maharashtra,Paint keying across driver door and rear panel,8249,25528,Comprehensive Plus,Accepted,Invoice from authorized garage; amount verified,"Vandalism at Saket, Nagpur. Paint keying across driver door and rear panel. Reported after 41 day(s).",41
SYN-10330,Car,Kia,Seltos,2021,MH 73 DM 4617,17_09_2023,Sun,Weather,"Hinjewadi, Thane",Thane,Maharashtra,Hail damage on roof and bonnet,15094,37533,Premium Fleet Protect,Accepted,Weather-related loss covered under comprehensive plan,"Weather at Hinjewadi, Thane. Hail damage on roof and bonnet. Reported after 33 day(s).",33
SYN-10331,Car,Toyota,Innova,2022,MP 11 LU 9980,18_03_2024,Mon,Theft,"MG Road, Bhopal",Bhopal,Madhya Pradesh,Two-wheeler stolen; recovered with missing battery and scratches,111070,16747,Comprehensive Plus,Denied,Missing FIR for theft claim,"Theft at MG Road, Bhopal. Two-wheeler stolen; recovered with missing battery and scratches. Reported after 9 day(s).",9
SYN-10332,Car,Maruti,WagonR,2021,RJ 51 SE 9589,10_02_2023,Fri,Vandalism,"Salt Lake, Jaipur",Jaipur,Rajasthan,Paint keying across driver door and rear panel,81308,8439,Essential Third-Party,Denied,Third-party only policy; own-damage not covered,"Vandalism at Salt Lake, Jaipur. Paint keying across driver door and rear panel. Reported after 31 day(s).",31
SYN-10333,Car,Maruti,WagonR,2019,GJ 25 HP 1396,19_01_2024,Fri,Weather,"Saket, Ahmedabad",Ahmedabad,Gujarat,Hail damage on roof and bonnet,63514,7888,Essential Third-Party,Denied,Third-party only policy; own-damage not covered,"Weather at Saket, Ahmedabad. Hail damage on roof and bonnet. Reported after 22 day(s).",22
SYN-10334,Bike,Honda,Activa,2020,MP 20 UW 2841,04_11_2025,Tue,Theft,"Park Street, Bhopal",Bhopal,Madhya Pradesh,Catalytic converter / parts theft; underbody damage,15086,6412,Essential Third-Party,Denied,Third-party only policy; own-damage not covered,"Theft at Park Street, Bhopal. Catalytic converter / parts theft; underbody damage. Reported after 23 day(s).",23
SYN-10335,Bike,Honda,Activa,2024,MH 69 EN 5237,22_08_2024,Thu,Collision,"Connaught Place, Nashik",Nashik,Maharashtra,"Windscreen shattered, dashboard airbag deployed",31495,6999,Essential Third-Party,Accepted,Invoice from authorized garage; amount verified,"Collision at Connaught Place, Nashik. Windscreen shattered, dashboard airbag deployed. Reported after 1 day(s).",1
SYN-10336,Car,Hyundai,Creta,2025,MH 60 SA 7367,05_08_2023,Sat,Theft,"Banjara Hills, Mumbai",Mumbai,Maharashtra,Vehicle stolen from residential parking; recovered with ignition damage,15878,14790,Comprehensive Plus,Accepted,Damage consistent with reported incident and policy covers this peril,"Theft at Banjara Hills, Mumbai. Vehicle stolen from residential parking; recovered with ignition damage. Reported after 12 day(s).",12
SYN-10337,Bike,Yamaha,R15,2025,TN 63 WN 4054,07_11_2024,Thu,Collision,"Powai, Coimbatore",Coimbatore,Tamil Nadu,"Windscreen shattered, dashboard airbag deployed",26949,15787,Comprehensive Plus,Accepted,Surveyor confirmed repair estimate within IDV limits,"Collision at Powai, Coimbatore. Windscreen shattered, dashboard airbag deployed. Reported after 45 day(s).",45
SYN-10338,Car,BMW,3 Series,2023,MH 46 JG 9212,16_03_2024,Sat,Collision,"Bandra West, Mumbai",Mumbai,Maharashtra,Multiple panel dents after multi-vehicle pile-up,72216,17465,Comprehensive Plus,Accepted,Invoice from authorized garage; amount verified,"Collision at Bandra West, Mumbai. Multiple panel dents after multi-vehicle pile-up. Reported after 10 day(s).",10
SYN-10339,Car,Maruti,Baleno,2025,KA 12 TM 4726,07_11_2022,Mon,Other,"Banjara Hills, Bengaluru",Bengaluru,Karnataka,Parking scrape against pillar; minor bumper damage,37567,34181,Premium Fleet Protect,Denied,Suspected pre-existing damage / wear and tear exclusion,"Other at Banjara Hills, Bengaluru. Parking scrape against pillar; minor bumper damage. Reported after 21 day(s).",21
SYN-10340,Car,Hyundai,Creta,2021,KA 26 WH 9582,11_10_2022,Tue,Collision,"Civil Lines, Mysuru",Mysuru,Karnataka,Multiple panel dents after multi-vehicle pile-up,93520,6193,Essential Third-Party,Denied,Third-party only policy; own-damage not covered,"Collision at Civil Lines, Mysuru. Multiple panel dents after multi-vehicle pile-up. Reported after 37 day(s).",37
SYN-10341,Scooter,Yamaha,Fascino,2017,KL 19 TU 7783,13_01_2023,Fri,Other,"MG Road, Kochi",Kochi,Kerala,Animal hit on highway; front grille damaged,5379,8866,Essential Third-Party,Denied,Third-party only policy; own-damage not covered,"Other at MG Road, Kochi. Animal hit on highway; front grille damaged. Reported after 20 day(s).",20
SYN-10342,Truck,Mahindra,Bolero Pickup,2022,KL 78 PF 4804,23_02_2022,Wed,Collision,"Baner, Kochi",Kochi,Kerala,"Rear bumper smashed, tail light damaged, trunk lid bent",63430,5577,Essential Third-Party,Denied,Third-party only policy; own-damage not covered,"Collision at Baner, Kochi. Rear bumper smashed, tail light damaged, trunk lid bent. Reported after 39 day(s).",39
SYN-10343,Car,Maruti,Swift,2020,MH 63 LD 4707,29_12_2025,Mon,Vandalism,"Outer Ring Road, Nagpur",Nagpur,Maharashtra,Paint keying across driver door and rear panel,69441,44815,Premium Fleet Protect,Accepted,Own-damage cover active; deductible applied; claim approved,"Vandalism at Outer Ring Road, Nagpur. Paint keying across driver door and rear panel. Reported after 41 day(s).",41
SYN-10344,Car,Maruti,Swift,2019,GJ 63 SW 5043,18_06_2024,Tue,Weather,"Hinjewadi, Ahmedabad",Ahmedabad,Gujarat,Flood water entered cabin; electrical short suspected,31209,5041,Essential Third-Party,Denied,Third-party only policy; own-damage not covered,"Weather at Hinjewadi, Ahmedabad. Flood water entered cabin; electrical short suspected. Reported after 39 day(s).",39
SYN-10345,Car,Maruti,Baleno,2024,TS 05 ML 1694,11_12_2024,Wed,Collision,"Saket, Hyderabad",Hyderabad,Telangana,"Windscreen shattered, dashboard airbag deployed",78275,44457,Premium Fleet Protect,Denied,Delayed intimation beyond allowed claim window,"Collision at Saket, Hyderabad. Windscreen shattered, dashboard airbag deployed. Reported after 41 day(s).",41
SYN-10346,Scooter,TVS,Jupiter,2023,UP 25 GK 5989,17_04_2026,Fri,Other,"Banjara Hills, Lucknow",Lucknow,Uttar Pradesh,Parking scrape against pillar; minor bumper damage,18412,37694,Premium Fleet Protect,Denied,Delayed intimation beyond allowed claim window,"Other at Banjara Hills, Lucknow. Parking scrape against pillar; minor bumper damage. Reported after 40 day(s).",40
SYN-10347,Bike,Bajaj,Pulsar,2022,DL 93 ME 9952,07_08_2024,Wed,Collision,"Salt Lake, Delhi",Delhi,Delhi,"Front bumper cracked, headlamp broken, bonnet dented",11321,41940,Premium Fleet Protect,Denied,Delayed intimation beyond allowed claim window,"Collision at Salt Lake, Delhi. Front bumper cracked, headlamp broken, bonnet dented. Reported after 41 day(s).",41
SYN-10348,Car,Kia,Seltos,2020,GJ 92 VT 3024,04_07_2022,Mon,Collision,"Andheri East, Surat",Surat,Gujarat,Multiple panel dents after multi-vehicle pile-up,67596,31616,Premium Fleet Protect,Accepted,Invoice from authorized garage; amount verified,"Collision at Andheri East, Surat. Multiple panel dents after multi-vehicle pile-up. Reported after 16 day(s).",16
SYN-10349,Car,BMW,3 Series,2025,TN 43 PS 3459,24_11_2022,Thu,Theft,"Mahim, Coimbatore",Coimbatore,Tamil Nadu,Catalytic converter / parts theft; underbody damage,88225,41766,Premium Fleet Protect,Accepted,Police FIR attached; theft claim within policy terms,"Theft at Mahim, Coimbatore. Catalytic converter / parts theft; underbody damage. Reported after 24 day(s).",24
SYN-10350,Car,Hyundai,Creta,2017,MH 26 AU 1200,06_01_2023,Fri,Collision,"Salt Lake, Pune",Pune,Maharashtra,"Windscreen shattered, dashboard airbag deployed",90110,16731,Comprehensive Plus,Denied,Garage invoice amount exceeds surveyor estimate significantly,"Collision at Salt Lake, Pune. Windscreen shattered, dashboard airbag deployed. Reported after 7 day(s).",7
SYN-10351,Car,Mercedes,C-Class,2023,MH 11 PA 9967,19_04_2024,Fri,Other,"Civil Lines, Mumbai",Mumbai,Maharashtra,Parking scrape against pillar; minor bumper damage,67472,8397,Essential Third-Party,Denied,Third-party only policy; own-damage not covered,"Other at Civil Lines, Mumbai. Parking scrape against pillar; minor bumper damage. Reported after 28 day(s).",28
SYN-10352,Car,Honda,City,2015,DL 78 GY 1803,08_03_2022,Tue,Collision,"Whitefield, Delhi",Delhi,Delhi,"Driver side door dent, side mirror broken, paint scratches",119913,5690,Essential Third-Party,Denied,Third-party only policy; own-damage not covered,"Collision at Whitefield, Delhi. Driver side door dent, side mirror broken, paint scratches. Reported after 42 day(s).",42
SYN-10353,Car,Hyundai,Venue,2017,CH 39 HX 2108,08_01_2024,Mon,Theft,"Connaught Place, Chandigarh",Chandigarh,Chandigarh,Two-wheeler stolen; recovered with missing battery and scratches,83886,24277,Comprehensive Plus,Denied,Missing FIR for theft claim,"Theft at Connaught Place, Chandigarh. Two-wheeler stolen; recovered with missing battery and scratches. Reported after 2 day(s).",2
SYN-10354,Bike,Royal Enfield,Classic 350,2016,KA 08 CT 9666,10_12_2024,Tue,Collision,"T Nagar, Mysuru",Mysuru,Karnataka,"Windscreen shattered, dashboard airbag deployed",29116,17393,Comprehensive Plus,Accepted,Weather-related loss covered under comprehensive plan,"Collision at T Nagar, Mysuru. Windscreen shattered, dashboard airbag deployed. Reported after 13 day(s).",13
SYN-10355,Truck,Eicher,Pro 2049,2024,KA 64 MR 9069,30_06_2025,Mon,Theft,"Salt Lake, Mysuru",Mysuru,Karnataka,"Break-in attempt; door lock forced, interior vandalized",165770,20608,Comprehensive Plus,Denied,Garage invoice amount exceeds surveyor estimate significantly,"Theft at Salt Lake, Mysuru. Break-in attempt; door lock forced, interior vandalized. Reported after 22 day(s).",22
SYN-10356,Scooter,Ather,450X,2018,KA 53 BJ 4478,19_02_2026,Thu,Collision,"Indiranagar, Mysuru",Mysuru,Karnataka,"Front bumper cracked, headlamp broken, bonnet dented",5364,22247,Comprehensive Plus,Denied,Incident date outside policy period,"Collision at Indiranagar, Mysuru. Front bumper cracked, headlamp broken, bonnet dented. Reported after 13 day(s).",13
SYN-10357,Car,Honda,City,2019,KA 51 TR 1477,13_01_2022,Thu,Collision,"Mahim, Bengaluru",Bengaluru,Karnataka,Multiple panel dents after multi-vehicle pile-up,108536,35614,Premium Fleet Protect,Denied,Policy lapsed at time of incident,"Collision at Mahim, Bengaluru. Multiple panel dents after multi-vehicle pile-up. Reported after 7 day(s).",7
SYN-10358,Scooter,TVS,Jupiter,2020,TN 69 XL 7782,15_11_2022,Tue,Collision,"Highway NH48, Chennai",Chennai,Tamil Nadu,"Front left fender damaged, alloy scratched after hitting divider",17277,5612,Essential Third-Party,Denied,Third-party only policy; own-damage not covered,"Collision at Highway NH48, Chennai. Front left fender damaged, alloy scratched after hitting divider. Reported after 40 day(s).",40
SYN-10359,Truck,Tata,Ace,2023,KA 46 BD 1510,03_03_2023,Fri,Weather,"MG Road, Mysuru",Mysuru,Karnataka,Tree branch fell on roof during storm,19906,42559,Premium Fleet Protect,Denied,Delayed intimation beyond allowed claim window,"Weather at MG Road, Mysuru. Tree branch fell on roof during storm. Reported after 36 day(s).",36
SYN-10360,Car,Toyota,Innova,2025,UP 91 WT 5448,20_03_2026,Fri,Theft,"Koramangala, Lucknow",Lucknow,Uttar Pradesh,Catalytic converter / parts theft; underbody damage,110543,5457,Essential Third-Party,Denied,Third-party only policy; own-damage not covered,"Theft at Koramangala, Lucknow. Catalytic converter / parts theft; underbody damage. Reported after 19 day(s).",19
SYN-10361,Car,Mercedes,C-Class,2018,TN 48 VU 2517,25_12_2022,Sun,Vandalism,"Park Street, Coimbatore",Coimbatore,Tamil Nadu,Windows smashed; stereo removed,47625,8801,Essential Third-Party,Denied,Third-party only policy; own-damage not covered,"Vandalism at Park Street, Coimbatore. Windows smashed; stereo removed. Reported after 7 day(s).",7
SYN-10362,Car,Maruti,Swift,2022,RJ 67 SD 1598,08_05_2026,Fri,Collision,"Whitefield, Jaipur",Jaipur,Rajasthan,"Front left fender damaged, alloy scratched after hitting divider",48679,42158,Premium Fleet Protect,Accepted,Damage consistent with reported incident and policy covers this peril,"Collision at Whitefield, Jaipur. Front left fender damaged, alloy scratched after hitting divider. Reported after 20 day(s).",20
SYN-10363,Car,Hyundai,i20,2015,KA 96 HP 6114,31_07_2022,Sun,Weather,"Bandra West, Mysuru",Mysuru,Karnataka,Hail damage on roof and bonnet,14047,19649,Comprehensive Plus,Denied,Delayed intimation beyond allowed claim window,"Weather at Bandra West, Mysuru. Hail damage on roof and bonnet. Reported after 33 day(s).",33
SYN-10364,Bike,Honda,Activa,2020,UP 36 CZ 9422,06_10_2025,Mon,Collision,"Indiranagar, Noida",Noida,Uttar Pradesh,Multiple panel dents after multi-vehicle pile-up,30908,24661,Comprehensive Plus,Accepted,Police FIR attached; theft claim within policy terms,"Collision at Indiranagar, Noida. Multiple panel dents after multi-vehicle pile-up. Reported after 7 day(s).",7
SYN-10365,Car,Mahindra,Scorpio,2023,TN 70 LC 8712,17_12_2022,Sat,Collision,"Baner, Chennai",Chennai,Tamil Nadu,"Windscreen shattered, dashboard airbag deployed",40089,21405,Comprehensive Plus,Accepted,Surveyor confirmed repair estimate within IDV limits,"Collision at Baner, Chennai. Windscreen shattered, dashboard airbag deployed. Reported after 4 day(s).",4
SYN-10366,Scooter,Honda,Activa 6G,2016,TS 92 UV 2286,30_12_2023,Sat,Collision,"Bandra West, Hyderabad",Hyderabad,Telangana,"Front left fender damaged, alloy scratched after hitting divider",21695,8152,Essential Third-Party,Accepted,Police FIR attached; theft claim within policy terms,"Collision at Bandra West, Hyderabad. Front left fender damaged, alloy scratched after hitting divider. Reported after 19 day(s).",19
SYN-10367,Truck,Eicher,Pro 2049,2024,MH 99 LF 4666,28_09_2023,Thu,Vandalism,"Mahim, Nashik",Nashik,Maharashtra,Tyres slashed; side mirror broken,134428,13593,Comprehensive Plus,Denied,Delayed intimation beyond allowed claim window,"Vandalism at Mahim, Nashik. Tyres slashed; side mirror broken. Reported after 43 day(s).",43
SYN-10368,Car,Tata,Nexon,2020,TS 62 LD 6711,03_03_2022,Thu,Weather,"Koramangala, Hyderabad",Hyderabad,Telangana,Tree branch fell on roof during storm,71898,19426,Comprehensive Plus,Accepted,Surveyor confirmed repair estimate within IDV limits,"Weather at Koramangala, Hyderabad. Tree branch fell on roof during storm. Reported after 4 day(s).",4
SYN-10369,Bike,Honda,Activa,2023,MH 76 KR 9977,11_06_2026,Thu,Vandalism,"Banjara Hills, Thane",Thane,Maharashtra,Paint keying across driver door and rear panel,6648,21111,Comprehensive Plus,Accepted,Own-damage cover active; deductible applied; claim approved,"Vandalism at Banjara Hills, Thane. Paint keying across driver door and rear panel. Reported after 19 day(s).",19
SYN-10370,Car,Mercedes,C-Class,2021,MH 70 SD 2276,10_06_2024,Mon,Collision,"Saket, Nagpur",Nagpur,Maharashtra,"Windscreen shattered, dashboard airbag deployed",110801,39127,Premium Fleet Protect,Denied,Delayed intimation beyond allowed claim window,"Collision at Saket, Nagpur. Windscreen shattered, dashboard airbag deployed. Reported after 36 day(s).",36
SYN-10371,Bike,Yamaha,R15,2024,WB 52 BC 7208,11_08_2026,Tue,Theft,"Powai, Kolkata",Kolkata,West Bengal,Catalytic converter / parts theft; underbody damage,8399,21094,Comprehensive Plus,Denied,Missing FIR for theft claim,"Theft at Powai, Kolkata. Catalytic converter / parts theft; underbody damage. Reported after 28 day(s).",28
SYN-10372,Car,Maruti,Baleno,2016,UP 69 GR 8326,02_11_2022,Wed,Other,"Whitefield, Noida",Noida,Uttar Pradesh,Garage mishandling; new scratches on rear quarter panel,94623,5701,Essential Third-Party,Denied,Third-party only policy; own-damage not covered,"Other at Whitefield, Noida. Garage mishandling; new scratches on rear quarter panel. Reported after 28 day(s).",28
SYN-10373,Car,Mahindra,XUV700,2019,MP 52 WW 2022,08_04_2025,Tue,Collision,"Highway NH48, Indore",Indore,Madhya Pradesh,"Front left fender damaged, alloy scratched after hitting divider",19703,36280,Premium Fleet Protect,Accepted,Weather-related loss covered under comprehensive plan,"Collision at Highway NH48, Indore. Front left fender damaged, alloy scratched after hitting divider. Reported after 0 day(s).",0
SYN-10374,Car,Maruti,Baleno,2015,UP 41 TK 8130,09_12_2025,Tue,Collision,"Gachibowli, Lucknow",Lucknow,Uttar Pradesh,"Driver side door dent, side mirror broken, paint scratches",64585,6427,Essential Third-Party,Denied,Third-party only policy; own-damage not covered,"Collision at Gachibowli, Lucknow. Driver side door dent, side mirror broken, paint scratches. Reported after 37 day(s).",37
SYN-10375,Car,Hyundai,Venue,2022,MH 02 BA 8974,23_11_2026,Mon,Theft,"Indiranagar, Nashik",Nashik,Maharashtra,"Break-in attempt; door lock forced, interior vandalized",45810,14527,Comprehensive Plus,Denied,Missing FIR for theft claim,"Theft at Indiranagar, Nashik. Break-in attempt; door lock forced, interior vandalized. Reported after 42 day(s).",42
SYN-10376,Bike,Honda,Activa,2016,MH 71 VJ 4698,30_06_2025,Mon,Vandalism,"Ring Road, Nashik",Nashik,Maharashtra,Windows smashed; stereo removed,29898,44805,Premium Fleet Protect,Accepted,Own-damage cover active; deductible applied; claim approved,"Vandalism at Ring Road, Nashik. Windows smashed; stereo removed. Reported after 11 day(s).",11
SYN-10377,Car,Maruti,Swift,2024,WB 73 MJ 8889,26_03_2025,Wed,Weather,"Hinjewadi, Kolkata",Kolkata,West Bengal,Tree branch fell on roof during storm,79587,27180,Comprehensive Plus,Accepted,Damage consistent with reported incident and policy covers this peril,"Weather at Hinjewadi, Kolkata. Tree branch fell on roof during storm. Reported after 23 day(s).",23
SYN-10378,Truck,Tata,Ace,2017,RJ 88 RV 6119,18_05_2023,Thu,Collision,"Baner, Jaipur",Jaipur,Rajasthan,"Front bumper cracked, headlamp broken, bonnet dented",38185,44990,Premium Fleet Protect,Denied,Damage pattern inconsistent with stated cause,"Collision at Baner, Jaipur. Front bumper cracked, headlamp broken, bonnet dented. Reported after 30 day(s).",30
SYN-10379,Bike,Bajaj,Pulsar,2023,MH 89 YU 5267,24_12_2023,Sun,Collision,"T Nagar, Mumbai",Mumbai,Maharashtra,"Front left fender damaged, alloy scratched after hitting divider",29591,35863,Premium Fleet Protect,Accepted,Damage consistent with reported incident and policy covers this peril,"Collision at T Nagar, Mumbai. Front left fender damaged, alloy scratched after hitting divider. Reported after 18 day(s).",18
SYN-10380,Car,Mercedes,C-Class,2024,DL 36 FR 5509,19_09_2024,Thu,Collision,"MG Road, Delhi",Delhi,Delhi,"Driver side door dent, side mirror broken, paint scratches",45593,25894,Premium Fleet Protect,Accepted,Damage consistent with reported incident and policy covers this peril,"Collision at MG Road, Delhi. Driver side door dent, side mirror broken, paint scratches. Reported after 5 day(s).",5
SYN-10381,Scooter,Honda,Activa 6G,2016,MP 34 UF 3962,13_07_2026,Mon,Other,"Koramangala, Bhopal",Bhopal,Madhya Pradesh,Garage mishandling; new scratches on rear quarter panel,13616,8158,Essential Third-Party,Denied,Third-party only policy; own-damage not covered,"Other at Koramangala, Bhopal. Garage mishandling; new scratches on rear quarter panel. Reported after 11 day(s).",11
SYN-10382,Bike,Hero,Splendor,2020,MH 22 ET 6653,27_04_2026,Mon,Theft,"Whitefield, Nagpur",Nagpur,Maharashtra,Two-wheeler stolen; recovered with missing battery and scratches,29062,24333,Comprehensive Plus,Accepted,Invoice from authorized garage; amount verified,"Theft at Whitefield, Nagpur. Two-wheeler stolen; recovered with missing battery and scratches. Reported after 24 day(s).",24
SYN-10383,Car,Tata,Nexon,2016,MH 88 TL 3378,21_03_2026,Sat,Collision,"Koramangala, Pune",Pune,Maharashtra,"Front left fender damaged, alloy scratched after hitting divider",105799,19803,Comprehensive Plus,Denied,Delayed intimation beyond allowed claim window,"Collision at Koramangala, Pune. Front left fender damaged, alloy scratched after hitting divider. Reported after 34 day(s).",34
SYN-10384,Car,Kia,Seltos,2015,KA 79 YW 6488,24_12_2024,Tue,Collision,"Park Street, Mysuru",Mysuru,Karnataka,"Driver side door dent, side mirror broken, paint scratches",20761,26344,Premium Fleet Protect,Accepted,Own-damage cover active; deductible applied; claim approved,"Collision at Park Street, Mysuru. Driver side door dent, side mirror broken, paint scratches. Reported after 40 day(s).",40
SYN-10385,Car,Hyundai,i20,2019,KL 67 HS 3947,08_10_2025,Wed,Collision,"MG Road, Kochi",Kochi,Kerala,"Windscreen shattered, dashboard airbag deployed",104247,32923,Premium Fleet Protect,Denied,Delayed intimation beyond allowed claim window,"Collision at MG Road, Kochi. Windscreen shattered, dashboard airbag deployed. Reported after 37 day(s).",37
SYN-10386,Car,Maruti,Swift,2025,MH 33 EA 2506,02_07_2024,Tue,Collision,"Mahim, Mumbai",Mumbai,Maharashtra,"Front bumper cracked, headlamp broken, bonnet dented",97849,28404,Premium Fleet Protect,Accepted,Surveyor confirmed repair estimate within IDV limits,"Collision at Mahim, Mumbai. Front bumper cracked, headlamp broken, bonnet dented. Reported after 22 day(s).",22
SYN-10387,Car,Honda,City,2024,KL 73 VE 2816,06_09_2025,Sat,Weather,"Powai, Kochi",Kochi,Kerala,Hail damage on roof and bonnet,57277,5564,Essential Third-Party,Denied,Third-party only policy; own-damage not covered,"Weather at Powai, Kochi. Hail damage on roof and bonnet. Reported after 41 day(s).",41
SYN-10388,Bike,Bajaj,Pulsar,2019,GJ 33 DB 2022,25_04_2026,Sat,Other,"Highway NH48, Surat",Surat,Gujarat,Garage mishandling; new scratches on rear quarter panel,20113,27117,Comprehensive Plus,Denied,Policy lapsed at time of incident,"Other at Highway NH48, Surat. Garage mishandling; new scratches on rear quarter panel. Reported after 27 day(s).",27
SYN-10389,Car,Mahindra,XUV700,2015,KA 14 DU 4578,03_06_2025,Tue,Collision,"Baner, Bengaluru",Bengaluru,Karnataka,"Front bumper cracked, headlamp broken, bonnet dented",34302,27213,Comprehensive Plus,Accepted,Own-damage cover active; deductible applied; claim approved,"Collision at Baner, Bengaluru. Front bumper cracked, headlamp broken, bonnet dented. Reported after 25 day(s).",25
SYN-10390,Bike,Hero,Splendor,2022,KA 01 YS 5365,08_02_2022,Tue,Collision,"Powai, Bengaluru",Bengaluru,Karnataka,"Front bumper cracked, headlamp broken, bonnet dented",31221,33211,Premium Fleet Protect,Accepted,Invoice from authorized garage; amount verified,"Collision at Powai, Bengaluru. Front bumper cracked, headlamp broken, bonnet dented. Reported after 31 day(s).",31
SYN-10391,Car,Mahindra,XUV700,2021,MP 62 CN 6880,25_09_2026,Fri,Theft,"Andheri East, Indore",Indore,Madhya Pradesh,Catalytic converter / parts theft; underbody damage,60941,19144,Comprehensive Plus,Accepted,Invoice from authorized garage; amount verified,"Theft at Andheri East, Indore. Catalytic converter / parts theft; underbody damage. Reported after 4 day(s).",4
SYN-10392,Car,Tata,Punch,2021,MH 11 WU 5750,14_10_2026,Wed,Other,"Ring Road, Pune",Pune,Maharashtra,Garage mishandling; new scratches on rear quarter panel,78074,7492,Essential Third-Party,Denied,Third-party only policy; own-damage not covered,"Other at Ring Road, Pune. Garage mishandling; new scratches on rear quarter panel. Reported after 21 day(s).",21
SYN-10393,Bike,Honda,Activa,2023,MH 81 LE 1584,15_07_2025,Tue,Weather,"Banjara Hills, Pune",Pune,Maharashtra,Tree branch fell on roof during storm,8997,37782,Premium Fleet Protect,Accepted,Damage consistent with reported incident and policy covers this peril,"Weather at Banjara Hills, Pune. Tree branch fell on roof during storm. Reported after 44 day(s).",44
SYN-10394,Car,Honda,Amaze,2022,TS 05 HH 1701,05_09_2026,Sat,Vandalism,"Mahim, Hyderabad",Hyderabad,Telangana,Tyres slashed; side mirror broken,77984,20186,Comprehensive Plus,Denied,Damage pattern inconsistent with stated cause,"Vandalism at Mahim, Hyderabad. Tyres slashed; side mirror broken. Reported after 28 day(s).",28
SYN-10395,Car,Honda,City,2025,CH 95 DS 8720,01_04_2025,Tue,Collision,"Adyar, Chandigarh",Chandigarh,Chandigarh,"Windscreen shattered, dashboard airbag deployed",105131,29880,Premium Fleet Protect,Denied,Damage pattern inconsistent with stated cause,"Collision at Adyar, Chandigarh. Windscreen shattered, dashboard airbag deployed. Reported after 14 day(s).",14
SYN-10396,Scooter,Ather,450X,2015,HR 59 RW 2047,08_08_2026,Sat,Theft,"Outer Ring Road, Gurgaon",Gurgaon,Haryana,Vehicle stolen from residential parking; recovered with ignition damage,11570,4909,Essential Third-Party,Denied,Third-party only policy; own-damage not covered,"Theft at Outer Ring Road, Gurgaon. Vehicle stolen from residential parking; recovered with ignition damage. Reported after 6 day(s).",6
SYN-10397,Scooter,Honda,Activa 6G,2016,WB 52 HZ 9943,22_11_2023,Wed,Vandalism,"Civil Lines, Kolkata",Kolkata,West Bengal,Paint keying across driver door and rear panel,15466,6160,Essential Third-Party,Denied,Third-party only policy; own-damage not covered,"Vandalism at Civil Lines, Kolkata. Paint keying across driver door and rear panel. Reported after 43 day(s).",43
SYN-10398,Car,Honda,City,2015,MP 71 DF 1666,30_04_2024,Tue,Collision,"Koramangala, Indore",Indore,Madhya Pradesh,"Front bumper cracked, headlamp broken, bonnet dented",107293,14314,Comprehensive Plus,Denied,Garage invoice amount exceeds surveyor estimate significantly,"Collision at Koramangala, Indore. Front bumper cracked, headlamp broken, bonnet dented. Reported after 10 day(s).",10
SYN-10399,Car,Toyota,Innova,2017,MH 54 SV 8798,27_08_2025,Wed,Collision,"T Nagar, Mumbai",Mumbai,Maharashtra,"Front bumper cracked, headlamp broken, bonnet dented",100633,5230,Essential Third-Party,Denied,Third-party only policy; own-damage not covered,"Collision at T Nagar, Mumbai. Front bumper cracked, headlamp broken, bonnet dented. Reported after 37 day(s).",37
